-- MySqlBackup.NET 2.3.8.0
-- Dump Time: 2024-07-08 00:04:45
-- --------------------------------------
-- Server version 10.2.36-MariaDB-log MariaDB Server


/*!40101 SET @OLD_CHARACTER_SET_CLIENT=@@CHARACTER_SET_CLIENT */;
/*!40101 SET @OLD_CHARACTER_SET_RESULTS=@@CHARACTER_SET_RESULTS */;
/*!40101 SET @OLD_COLLATION_CONNECTION=@@COLLATION_CONNECTION */;
/*!40101 SET NAMES utf8mb4 */;
/*!40014 SET @OLD_UNIQUE_CHECKS=@@UNIQUE_CHECKS, UNIQUE_CHECKS=0 */;
/*!40014 SET @OLD_FOREIGN_KEY_CHECKS=@@FOREIGN_KEY_CHECKS, FOREIGN_KEY_CHECKS=0 */;
/*!40101 SET @OLD_SQL_MODE=@@SQL_MODE, SQL_MODE='NO_AUTO_VALUE_ON_ZERO' */;
/*!40111 SET @OLD_SQL_NOTES=@@SQL_NOTES, SQL_NOTES=0 */;


-- 
-- Definition of Clientes
-- 

DROP TABLE IF EXISTS `Clientes`;
CREATE TABLE IF NOT EXISTS `Clientes` (
  `ClienteID` int(11) NOT NULL AUTO_INCREMENT,
  `Nome` longtext NOT NULL,
  `Endereco` longtext DEFAULT NULL,
  `Cpf` longtext DEFAULT NULL,
  `Rg` longtext DEFAULT NULL,
  `DataNascimento` datetime(6) DEFAULT NULL,
  `EstadoCivil` longtext DEFAULT NULL,
  `ContatoConjuge` longtext DEFAULT NULL,
  `CasaPropriaAluguel` longtext DEFAULT NULL,
  `Profissao` longtext DEFAULT NULL,
  `LocalTrabalho` longtext DEFAULT NULL,
  `RendaMensal` longtext DEFAULT NULL,
  `Email` varchar(100) DEFAULT NULL,
  `Telefone` longtext NOT NULL,
  `DataCadastro` datetime(6) DEFAULT NULL,
  `DataAlteracaoCadastro` datetime(6) DEFAULT NULL,
  `Status` int(11) NOT NULL,
  `LojaId` int(11) NOT NULL,
  `Observacoes` longtext DEFAULT NULL,
  `NomeMae` longtext DEFAULT NULL,
  `NomePai` longtext DEFAULT NULL,
  PRIMARY KEY (`ClienteID`)
) ENGINE=InnoDB AUTO_INCREMENT=82 DEFAULT CHARSET=utf8mb4;

-- 
-- Dumping data for table Clientes
-- 

/*!40000 ALTER TABLE `Clientes` DISABLE KEYS */;
INSERT INTO `Clientes`(`ClienteID`,`Nome`,`Endereco`,`Cpf`,`Rg`,`DataNascimento`,`EstadoCivil`,`ContatoConjuge`,`CasaPropriaAluguel`,`Profissao`,`LocalTrabalho`,`RendaMensal`,`Email`,`Telefone`,`DataCadastro`,`DataAlteracaoCadastro`,`Status`,`LojaId`,`Observacoes`,`NomeMae`,`NomePai`) VALUES(1,'ANDRE FELIPE MORAIS RODRIGUES GANDA','AVENIDA QUINTINO BOCAIUVA',NULL,NULL,'1989-09-24 00:00:00.000000','CASADO',NULL,'1','Policial militar','Linhares','8500,30','andrefelipeg@hotmail.com','27998238617',NULL,NULL,1,1,'a esposa não pode comprar na ficha dele','rosalia ganda','elson ganda'),(2,'ANTONIA MARCIANO OUVERNEY','AVENIDA PADRE MANOEL DA NOBREGA, 1101 - INTERLAGOS','082.051.267-20','1.208.264-ES','1942-10-08 00:00:00.000000','CASADO',NULL,'0','APOSENTADA',NULL,'1400.00',NULL,'27 99895-6258',NULL,NULL,1,1,NULL,NULL,NULL),(3,'ANICEIA CALEGARI GALVANI','RUA DUQUE DE CAXIAS,420 - INTERLAGOS','091.329.517-52','523.554','1959-07-07 00:00:00.000000','CASADO',NULL,'0','PROPRIETARIA ESPAÇO HERBALIFE','CASA','2000.00',NULL,'2799804-6906',NULL,NULL,1,1,NULL,NULL,NULL),(4,'ALCEIA MARIA LUNZ BATISTA','RUA JOÃO PAULO II, 2305 - INTERLAGOS','031.629.097-16',NULL,'1964-09-21 00:00:00.000000','SOLTEIRO',NULL,'0','APOSENTADA',NULL,'1400.00',NULL,'27 99713-2947',NULL,NULL,1,1,'FILHA IONE LUNZ É AUTORIZADA A COMPRAR NA FICHA DELA','JACI LUNZ','MARIA LUZINETE LUNZ'),(5,'ALESSANDRA GOMES ','RUA ARTUR PINTO SANTANA, 467- INTERLAGOSS','031.830.247-05',NULL,'1975-10-09 00:00:00.000000','CASADO',NULL,'0',NULL,NULL,NULL,NULL,'27 99872-4144',NULL,NULL,0,1,'AUTORIZADO PARA IRMÃ LUCIETE',NULL,NULL),(6,'ALESSANDRA GOMES ','RUA ARTUR PINTO SANTANA, 467- INTERLAGOSS','031.830.247-05',NULL,'1975-10-09 00:00:00.000000','CASADO',NULL,'0',NULL,NULL,NULL,NULL,'27 99872-4144',NULL,NULL,1,1,'AUTORIZADO PARA IRMÃ LUCIETE/ FILHA MARKIELLY','FRANCISCO GOMES','MARIA DA PENHA BIANCARDI GOMES'),(7,'ROSIMARIA CARLESSO','AVENIDA PADRE MANOEL DA NOBREGA, 649 - INTERLAGOS','034.731.097-46','1387101- SPTC','1973-08-20 00:00:00.000000','CASADO','27 99957-8727 - IAMURA BATISTA ','0','COSTUREIRA','EM CASA','0,00',NULL,'(27) 99968-4919',NULL,NULL,1,1,'CLIENTE INDICADA PELA DONA TEREZA','JOSE VIERA CARLESSO','EDITE CORREA CARLESSO'),(8,'GILMARC COSTA LIMA','AVENIDA PADRE MANOEL DA NOBREGA, 1461 - INTERLAGOS','112.962.577-03','2088476','1979-02-09 00:00:00.000000','CASADO','996042024 - HEMILLY','0','ENGENHEIRO','EMPRESARIO','10000,00',NULL,'(27) 99806-2810',NULL,NULL,1,1,NULL,'LENILZA COSTA LIMA ','GILSON LIMA'),(9,'ALESSANDRA VIEIRA',NULL,NULL,NULL,NULL,'SOLTEIRO',NULL,'0',NULL,NULL,NULL,NULL,'(27) 99862-8915',NULL,NULL,1,1,'AUTORIZADO PARA IRMÃ ELIETE E CUNHADA MARCILÉIA ',NULL,NULL),(10,'ALINE PIRES','RUA BARÃO RIO BRANCO',NULL,NULL,NULL,'0',NULL,'1','VENDEDORA','FLOR DE LIS','1400,00',NULL,'(27) 99783-2106',NULL,NULL,1,1,NULL,NULL,NULL),(11,'AURORA  FERNANDES',NULL,NULL,NULL,NULL,'0',NULL,'0',NULL,NULL,'1300,00',NULL,'(27) 99757-8254',NULL,NULL,1,1,NULL,NULL,NULL),(12,'ANA CLAUDIA PEREIRA','RUA FELIPE CAMARÃO ,1464 - INTERLAGOS','060.462.497-24','3124694','1987-08-21 00:00:00.000000','CASADO','SEBASTIÃO LOPES DOS SANTOS','0','DO LAR',NULL,'1000,00',NULL,'(27) 99707-9257',NULL,NULL,1,1,'NÃO PODE COMPRAR! ESTÁ EM PROBLEMAS PSICOLÓGICOS','MARIA LUIZA FRAGA PEREIRA','BELMIRO PEREIRA'),(13,'ADRIANA RODRIGUES DE SOUSA DOS SANTOS','RUA JOÃO GAMA,01 - INTERLAGOS ( ATRAS DO CAIC)','117.996.057-28','194124SPTC',NULL,'CASADO',NULL,'0','CONFEITEIRA','EM CASA','1300,00',NULL,'(27) 99519-9569',NULL,NULL,1,1,NULL,NULL,NULL),(14,'ANDRE GONÇALVES DE JESUS',NULL,NULL,NULL,NULL,'SOLTEIRO',NULL,'0','ENTREGADOR ',NULL,'2000,00',NULL,'(27) 99859-0634',NULL,NULL,1,1,NULL,NULL,NULL),(15,'ALCIMARA NASCIMENTO ALMEIDA',NULL,NULL,NULL,NULL,'CASADO',NULL,'0',NULL,NULL,NULL,NULL,'(27) 99610-3380',NULL,NULL,1,1,NULL,NULL,NULL),(16,'ADELANDRA FELIPE DOS SANTOS',NULL,'108.320.307-08','1879623','1983-09-18 00:00:00.000000','CASADO',NULL,'0',NULL,NULL,NULL,NULL,'(27) 99752-3840',NULL,NULL,1,1,'NÃO VENDER, NÃO PAGA','ALMIRA FERREIRA FELIPE','ADÃO FELIPE'),(17,'AISA NONATO MALANCHINI',NULL,NULL,NULL,NULL,'CASADO',NULL,'0','DO LAR',NULL,NULL,NULL,'(27) 99821-8296',NULL,NULL,1,1,'NÃO VENDER SÓ PAGA ATRASADO',NULL,NULL),(18,'AVULSO - SEM CADASTRO',NULL,NULL,NULL,NULL,'0',NULL,'0',NULL,NULL,NULL,NULL,'(00) 0000-0000',NULL,NULL,1,1,NULL,NULL,NULL),(19,'BERNADETE DAMIANI ZANEZI','AVENIDA CASTRO ALVES, 704 - INTERLAGOS','074.476.607-95','978812','1966-06-25 00:00:00.000000','SOLTEIRO',NULL,'0','MANICURE E RECEBE ALUGUEL','CASA','2000,00',NULL,'(27) 9982-5184',NULL,NULL,1,1,NULL,'ROSANIA MARIA CHAGAS DAMIANI','VALDIR DAMIANI'),(20,'CRISTIANE BATISTA PEREIRA',NULL,NULL,NULL,NULL,'CASADO',NULL,'0','DESEMPREGADA',NULL,NULL,NULL,'(27) 99633-8896',NULL,NULL,1,1,'AUTORIZADO PARA MÃE NÉIA',NULL,NULL),(21,'CLEUZENIR GONÇALVES BARBINO','AVENIDA REPUBLICA - AO LADO BAR DO CHAPOLAS','793.075.277-53',NULL,NULL,'CASADO',NULL,'0','APONSENTADA / RECEBE ALUGUEL',NULL,'2000,00',NULL,'(27) 99946-9426',NULL,NULL,1,1,NULL,NULL,NULL),(22,'CLEYDE MARIA  DOS SANTOS BAZILIO','3 BARRAS AO LADO DA SORVETERIA FRAMBOA',NULL,NULL,NULL,'CASADO',NULL,'1',NULL,NULL,'1400,00',NULL,'(27) 99878-1163',NULL,NULL,1,1,NULL,NULL,NULL),(23,'CENI DIAS DE JESUS SANTOS','RUA MANOEL BANDEIRA','812.534.435-72','0867167190','1978-06-29 00:00:00.000000','CASADO','(27)99728-5181 - RONILSON BATISTA DOS SANTOS','0','COSTUREIRA','EM CASA','1500,00',NULL,'(27) 99819-5077',NULL,NULL,1,1,NULL,'MARIA DAS GRAÇAS DIAS DE JESUS','SIDINEI DE JESUS'),(24,'CELIA PATRICIA GONÇALVES DIAS ',NULL,NULL,NULL,NULL,'CASADO',NULL,'0','BABÁ','CASA ROSALIA','750,00',NULL,'(27) 99877-9802',NULL,NULL,1,1,NULL,NULL,NULL),(25,'CATIANE PINAFO DEBONI','AVENIDA TOBIAS JOSÉ DE ANDRADE,35 - BEBEDOURO','058.162.867-57','2043791 SPTC','1986-09-27 00:00:00.000000','SOLTEIRO',NULL,'0','FAMACEUTICA','FARMARCIA DO EVERALDO','2300,00',NULL,'(27) 99806-4323',NULL,NULL,1,1,NULL,'MARIA LUZIA PINAFO DEBONI','GERALDO DEBONI'),(26,'CLEONICE SOUZA SOARES','RUA DUARTE DA COSTA, 678 - INTERLAGOS','005.328.617-01','1540846','1964-05-10 00:00:00.000000','CASADO','27 99802-0009 - ROMILDO SOARES DE MENEZES','0','RECEBE ALUGUEL','DO LAR','1000,00',NULL,'(27) 99891-3111',NULL,NULL,1,1,NULL,'JUDITE SOUZA SOARES','FRANCISCO CRISTÃO SOARES'),(27,'CHERLIANE SAMPAIO VIEIRA',NULL,'093.118.987-08',NULL,'1982-09-26 00:00:00.000000','CASADO',NULL,'0','COSTUREIRA','EM CASA','1300,00',NULL,'(27) 99974-5799',NULL,NULL,1,1,'AUTORIZADO PARA AS IRMÃS ','JOSEFA SAMPAIO VIEIRA','ADENILSON DA SILVA VIEIRA'),(28,'CINTIA SILVA DOS ANJOS','RIO DE JANEIRO',NULL,NULL,NULL,'0',NULL,'1','TOSA DE CÃO',NULL,NULL,NULL,'(27) 97820-7373',NULL,NULL,1,1,'NÃO PODE COMPRAR',NULL,NULL),(29,'DIONEIA DELPUPO','AVENIDA ',NULL,NULL,NULL,'CASADO',NULL,'1','DOCERA','EM CASA','1300,00',NULL,'(27) 99823-4979',NULL,NULL,1,1,NULL,NULL,NULL),(30,'DAISY LARA KLIPPEL ','RUA DUQUE DE CAXIAS, EM FRENTE AGROMIX PET',NULL,NULL,NULL,'SOLTEIRO',NULL,'1','VETERINARIA','CLINICA VETERINARIA','2000,00',NULL,'27 99666-6125',NULL,NULL,1,1,NULL,NULL,NULL),(31,'DEUCIRA DA CRUZ VIEIRA','AVENIDA CASTRO ALVES',NULL,'''',NULL,'CASADO',NULL,'0','DO LAR',NULL,NULL,NULL,'27 99713-6285',NULL,NULL,1,1,NULL,NULL,NULL),(32,'DULCIANE INÁCIO ','AVENIDA VASCO FERNANDES COUTINHO - AO LADO DA AGUA DE COCO,PXM AO MATERIAL DE CONSTRUÇÃO',NULL,NULL,NULL,'CASADO',NULL,'0','VENDEDORA NATURA, BOTICARIO',NULL,'1000,00',NULL,'27 99755-7711',NULL,NULL,1,1,NULL,NULL,NULL),(33,'KATCILENE TOLENTINO',NULL,NULL,NULL,NULL,'SOLTEIRO',NULL,'0','MANICURE',NULL,'600,00',NULL,'(27) 99918-9970',NULL,NULL,1,1,NULL,NULL,NULL),(34,'MARIA DA PENHA VIERA ',NULL,NULL,NULL,NULL,'0',NULL,'0','APOSENTADA',NULL,NULL,NULL,'(27) 99995-8929',NULL,NULL,1,1,NULL,NULL,NULL),(35,'VIVIANE FERREIRA',NULL,NULL,NULL,NULL,'CASADO','MARCIANO - 9910-6823','0','COZINHEIRA/EMPRESÁRIA',NULL,NULL,NULL,'(27) 99833-9212',NULL,NULL,1,1,'AUTORIZADO PARA IRMÃ ANDRESSA/ SONIA/ SOBRINHA JENNIFER / MÃE MINERVINA','MINERVINA FERREIRA',NULL),(36,'WALESKA RAPINA SILVA',NULL,NULL,NULL,NULL,'SOLTEIRO',NULL,'1','VENDEDORA','CASA DAS FRALDAS','1500,00',NULL,'(27) 99883-5100',NULL,NULL,1,1,'AUTORIZADO PARA MÃE BELOSIRA RAPINA SILVA / IRMÃ SARAH RAPINA ','BELOSIRA RAPINA SILVA',NULL),(37,'MARCILENE RODRIGUES',NULL,NULL,NULL,NULL,'CASADO',NULL,'1',NULL,NULL,'1000,00',NULL,'(27) 99500-7185',NULL,NULL,1,1,'NÃO PODE COMPRAR SEM AUTORIZAÇÃO DA HEMILLY','GLÓRIA RODRIGUES',NULL),(38,'ANGELA MARIA RIBEIRO',NULL,NULL,NULL,NULL,'CASADO',NULL,'0',NULL,NULL,NULL,NULL,'(27) 99965-7709',NULL,NULL,1,1,NULL,NULL,NULL),(39,'ROSANGELA PEIXINHO DOS SANTOS',NULL,NULL,NULL,NULL,'CASADO',NULL,'0','ETIQUETADORA KIFRANGO','KIFRANGO','1500,00',NULL,'(27) 99638-9663',NULL,NULL,1,1,NULL,NULL,NULL),(40,'SONIA DA SILVA MELO INOCENTE','RUA RONDONIA, 09 - AVISO ',NULL,NULL,NULL,'CASADO',NULL,'0','CORTADORA','KIFRANGO','1600,00',NULL,'(27) 996067-6449',NULL,NULL,1,1,'NÃO TEM TELEFONE. USEI TELEFONE DA IRMÃ SANDRA',NULL,NULL),(41,'SOLANGE CRIVILIM TOLENTINO','AVENIDA CASTRO ALVES, 2520 - INTERLAGOS 2','076.588.077-61','1912357','1977-05-07 00:00:00.000000','CASADO','GABRIEL','0','PROFESSORA','ESCOLA MARILIA DE REZENDE','2400,00',NULL,'27 99889-2004',NULL,NULL,1,1,NULL,'MARIA CRIVILIM TOLENTINO','ARLINDO TOLENTINO FILHO'),(42,'NÁDIA APONFELDNER SELESTRINE',NULL,NULL,NULL,NULL,'SOLTEIRO',NULL,'0','APOSENTADA',NULL,'2500,00',NULL,'27 99977-3015',NULL,NULL,1,1,NULL,NULL,NULL),(43,'LUCIANA TOTÓLA ÁVILA','AVENIDA VASCO FERNANDES COUTINHO, 817 - INTERLAGOS','034.904.547-07','1374652 ES','1973-08-06 00:00:00.000000','CASADO',NULL,'0','PROFESSORA',NULL,'2000,00',NULL,'(27) 99869-4660',NULL,NULL,1,1,'AUTORIZADO PARA VERA LUCIA PESCA','IDALINA ANA GUARNIERI','DIONIZIO AURELIO TOTOLA'),(44,'GILDA GAROSE','AVENIDA TOMÉ DE SOUZA, 935 - INTERLAGOS',NULL,NULL,'1952-05-02 00:00:00.000000','CASADO',NULL,'0','APOSENTADA',NULL,'1200,00',NULL,'27 99855-4633',NULL,NULL,1,1,'AUTORIZADO PARA A FILHA KENIA ',NULL,NULL),(45,'MIRIAN DA SILVA VIEIRA','AVENIDA MARTIN AFONSO DE SOUZA, 1577 -INTERLAGOS','031.833.647-27',NULL,'1973-10-16 00:00:00.000000','CASADO','ASTROGILDO RIBEIRO VIEIRA','0','SERVIDORA PÚBLICA MUNICIPAL','UPA CAIC','2000,00',NULL,'27 99931-2233',NULL,NULL,1,1,NULL,'ELVIRA DA SILVA','ANTONIO DA ROSA SILVA'),(46,'ELIEGE AVILA BARBOSA','AVENIDA PADRE MANOEL DA NÓBREGA, 757 - INTERLAGOS','045.880.607','1252008','1965-10-03 00:00:00.000000','CASADO',NULL,'0',NULL,NULL,NULL,NULL,'27 99782-3038',NULL,NULL,1,1,NULL,'CLARINDA CESCONETTO AVILA','ANTONIO AVILA'),(47,'JOANILCIA LOUREIRA','AVENIDA MMARTINS AFONSO DE SOUZA, 745 - INTERLAGOS','007.878.817-08','1066290 ES','1973-05-08 00:00:00.000000','CASADO','99921-6007 - MARCIANO','0','COSTUREIRA ESTOFADO',NULL,'1500,00',NULL,'27 99733-7901',NULL,NULL,1,1,'SÓ LIBERAR PARA FILHA/FILHO SE ELA LIGAR AUTORIZANDO','MARIA LUIZA DOS SANTOS LOUREIRO','JOÃO LOUREIRO FILHO'),(48,'CIRLENE GONZAGA DIAS DE MORAES','RUA HENRIQUE DE COIMBRA, 756 - INTERLAGOS','124.414.347-21','1.946.445 - ES','1986-12-15 00:00:00.000000','CASADO',NULL,'1','VENDEDORA','ROSEVELT CAMA MESA E BANHO','1300,00',NULL,'27 98845-7436',NULL,NULL,1,1,NULL,'CARMOSINA GONZAGA DIAS ','JOSÉ DE JESUS DIAS'),(49,'MARCELA DENADAI SESANA ZORTEA',NULL,NULL,NULL,NULL,'CASADO',NULL,'0','VENDEDORA ','ARMARINHO SESANA',NULL,NULL,' 27 99628-8087',NULL,NULL,1,1,NULL,NULL,NULL),(50,'IRACI DAS NEVES CAULIT POLONE SILVARES','RUA BARTOLOMEU BUENO DA SILVA, 986  - INTERLAGOS','027.476.147-51','1.90.544 ES''','1969-11-24 00:00:00.000000','CASADO','GILMAR SILVARES','0','DO LAR',NULL,NULL,NULL,'27 99899-8121',NULL,NULL,1,1,NULL,'REGINA CÉLIA CAULIT POLONE','NEURIDES POLONE'),(51,'ARILDA CESAR MARCULINO',NULL,'069.319.217-89','1.34.963 ES','1974-02-28 00:00:00.000000','SOLTEIRO',NULL,'1',NULL,NULL,NULL,NULL,'27 99838-8888',NULL,NULL,1,1,'AUTORIZADO PARA DONA LUZIA( EX SOGRA)','MARIA DAS GRAÇAS CESAR','JOSÉ ALVES MARCELINO'),(52,'ELIANE DO NASCIMENTO ANDRADE  ANDRADE LOPES','AVENIDA VASCO FERNANDES COUTINHO, 1560 - INTERLAGOS','075.505.557-88','1297588 SPTC ES','1971-03-15 00:00:00.000000','CASADO','JOSÉ SALVADOR LOPES - 99829- 4869','0','AUXILIAR DE PRODUÇÃO','KIFRANGO','1800,00',NULL,'(27) 99938-2352',NULL,NULL,1,1,'AUTORIZADO PARA FILHA LEIDIANE/ FILHO HENRIQUE ','ZENALIA DO NASCIMENTO ANDRADE','CREUZENIR ANDRADE '),(53,'ELIEGE AVILA BARBOSA',NULL,NULL,NULL,NULL,'0',NULL,'0',NULL,NULL,NULL,NULL,'27 99782-3038',NULL,NULL,0,1,NULL,NULL,NULL),(54,'ERICA NASCIMENTO DE SOUZA',NULL,NULL,NULL,NULL,'SOLTEIRO',NULL,'0','DIARISTA',NULL,'2000,00',NULL,'(27) 99855-5055',NULL,NULL,1,1,NULL,NULL,NULL),(55,'ELZA BORGHI',NULL,NULL,NULL,NULL,'CASADO',NULL,'0','DO LAR',NULL,NULL,NULL,'27 99936-6650',NULL,NULL,1,1,NULL,NULL,NULL),(56,'EDIVA FARIAS',NULL,NULL,NULL,NULL,'0',NULL,'0','COSTUREIRA','AGUA VIVA','1700,00',NULL,'27 99934-4289',NULL,NULL,1,1,NULL,NULL,NULL),(57,'ELIANE MENDES SOARES DE SOUZA',NULL,'095.576.467-05','2156748 ES','1976-12-17 00:00:00.000000','CASADO','MARCO ANTONIO  ','0',NULL,NULL,NULL,NULL,'27 99984-7996',NULL,NULL,1,1,'AUTORIZADO PARA AMIGA SIRLEIDE','GENY MENDES SOARES','JOSÉ SERAFIM SOARES'),(58,'ERICA PEREIRA','RUA PEDRO PALACIO, 1698 - INTERLAGOS','090.935.487-19',NULL,'1979-07-29 00:00:00.000000','CASADO','MARCO ANTONIO DOS SANTOS','0','LAVA CARROS',NULL,'1500,00',NULL,'27 99950-0019',NULL,NULL,1,1,NULL,'IRLANDA MONTEIRO',NULL),(59,'EMILY MEREGUETE VIÇOZI','RUA DUQUE DE CAXIAS, 541 - EM CIMA DA LOJA',NULL,NULL,NULL,'CASADO',NULL,'0','NAIL DESIGNER','SALÃO',NULL,NULL,'27 99818-0413',NULL,NULL,1,1,NULL,NULL,NULL),(60,'EDINALVA RIBEIRO DE ALMEIDA','AVENIDA CLAUDIO MANOEL DA COSTA, 1094 -INTERLAGSO','687.030.157-34','860555 ES','1961-06-27 00:00:00.000000','CASADO',NULL,'0','APOSENTADA',NULL,NULL,NULL,'27 99622-6067',NULL,NULL,1,1,NULL,'CARLOTA RIBEIRO DE ARAUJO','PEDRO FRANCISCO'),(61,'ELIDIANA PIONA SERAFIM',NULL,NULL,NULL,NULL,'CASADO',NULL,'0',NULL,NULL,NULL,NULL,'27 99935-8045',NULL,NULL,1,1,NULL,NULL,NULL),(62,'DILMA CAROLINO GARCIA ','RUA DOS BANDEIRANTES, 191 - INTERLAGOS','946.635.997-53','728.593 ES','1946-12-22 00:00:00.000000','SOLTEIRO',NULL,'0','APOSENTADA',NULL,'4000,00',NULL,'(27) 99667-3776',NULL,NULL,1,1,NULL,'JOVELINA MARQUES PEREIRA','JOÃO CAROLINO '),(63,'GRACINDA GOTARDO',NULL,NULL,NULL,NULL,'0',NULL,'0',NULL,NULL,NULL,NULL,'27 99910-0140',NULL,NULL,1,1,'SOGRA DE ANGELA',NULL,NULL),(64,'GESIANE COSTA',NULL,NULL,NULL,NULL,'0',NULL,'0',NULL,NULL,NULL,NULL,'27 99816-2664',NULL,NULL,1,1,'PERSONAL',NULL,NULL),(65,'GEANE CARVALHO',NULL,NULL,NULL,NULL,'0',NULL,'0',NULL,NULL,NULL,NULL,'27 99908-5777',NULL,NULL,1,1,NULL,NULL,NULL),(66,'ILDECIR JESUS DOS SANTOS','RUA JOSÉ MARCILIANO DE ALENCAR, 1009 - INTERLAGOS','002.820.105-13','0951068636','1977-09-11 00:00:00.000000','CASADO',NULL,'1','COSTUREIRA','AGUA VIVA','1700,00',NULL,'27 99993-1023',NULL,NULL,1,1,NULL,'DOMINGAS CRISPIM DE JESUS','ADELSON DOMINGOS DOS SANTOS'),(67,'LUCI MARIA DE ASSUNPÇÃO PINAFO','RUA CARLOS GOMES , 1078 - INTERLAGOS','003.631.247-99','1.086.519 ES','1950-06-18 00:00:00.000000','SOLTEIRO',NULL,'0','APOSENTADA',NULL,'3000,00',NULL,'27 99841-5684',NULL,NULL,1,1,NULL,'EULALIA MARIA DE ASSUMPÇÃO','FRANCISCO DE ASSUMPÇÃO FILHO'),(68,'LUCIANA RODRIGUES OLIVEIRA SANTOS','RUA PREFEITO MANOEL SALUSTIANO SOUZA','086.271.837-67','1660866','1979-08-11 00:00:00.000000','CASADO','27 99982-7025 - ADRIANO','0','PROFESSORA E ARTESÃ',NULL,'2000,00',NULL,'27 99880-4334',NULL,NULL,1,1,NULL,'MARIA DAS GRAÇAS RODRIGUES DE OLIVEIRA','ANTONIO CANDIDO DE OLIVEIRA'),(69,'MARIA DA PENHA SERAFIM','AVENIDA MARTIN AFONSO DE SOUSA, 805 - INTERLAGOS 1','031.057.087-58','7196900011','1971-05-03 00:00:00.000000','CASADO',NULL,'0','PROFESSORA',NULL,'2000,00',NULL,' 27 99915-6151',NULL,NULL,1,1,'AUTORIZADO PARA FUNCIONARIO ANANIAS ','MARIUSA BENEDITO SERAFIM','MELQUIADES JOSÉ SERAFIM'),(70,'LAURITA ALVES SIMONI','AVENIDA CLAUDIO MANOEL DA COSTA, 2386 - INTERLAGOS 2','031.844.597-21','1180841 ES','1971-06-06 00:00:00.000000','CASADO','LUCIMAR - 99857-0669','0','MANICURE','EM CASA','1000,00',NULL,'27 99968-2231',NULL,NULL,1,1,NULL,'DALVINA COUTO DE LIMA','VALDEIR ALVES DE LIMA'),(71,'MARIA APARECIDA PASOLINI PERES','RUA VISTA ALEGRE, 81 - CENTRO  ATRAS HOSP. RIO DOCE','009.865.967-79','782640 SPTC ES','1971-07-20 00:00:00.000000','CASADO',NULL,'0',NULL,'SAAE','2500,00',NULL,'27 99621-7771',NULL,NULL,1,1,NULL,'MARIA MADALENA PANDOLF PASOLINI','FIRMINO ANTONIO PASOLINI'),(72,'JOSÉLIA GOMES DE OLIVEIRA FALLER','AVENIDA TOMPE DE SOUZA, 1333 - INTERLAGOS ','024.551.627-10','1.106.474 ES','1954-09-03 00:00:00.000000','CASADO',NULL,'0','APOSENTADA',NULL,'1500,00',NULL,'(27) 99908-3939',NULL,NULL,1,1,NULL,'ELISA ARMANI DE OLIVEIRA','JOSÉ GOMES DE OLIVEIRA'),(73,'ROSANGELA DA SILVA SANTOS','AVENIDA REPUBLICA, 1736 - INTERLAGOS 2','553.917.293-00','34.039.663-5','1973-03-08 00:00:00.000000','CASADO','JOSÉ ROBERTO 9971-57247','0','MANICURE/DIARISTA',NULL,'1500,00',NULL,'27 99919-2339',NULL,NULL,0,1,'AUTORIZADO PARA MARIA DEUSIMAR ( AMIGA)','ANGELA AMRIA DA SILVA SANTOS','SABASTIÃO FERREIRA DOS SANTOS'),(74,'ROSANGELA DA SILVA SANTOS','AVENIDA REPUBLICA, 1736 - INTERLAGOS 2','553.917.293-00','34.039.663-5','1973-03-08 00:00:00.000000','CASADO','JOSÉ ROBERTO 9971-57247','0','MANICURE/DIARISTA',NULL,'1500,00',NULL,'27 99919-2339',NULL,NULL,1,1,'AUTORIZADO PARA MARIA DEUSIMAR ( AMIGA) E FILHA RAIANE','ANGELA AMRIA DA SILVA SANTOS','SABASTIÃO FERREIRA DOS SANTOS'),(75,'TAISLANE VIEIRA DA CONCEIÇÃO','RUA LUIZ DE CAMÕES, 1272 - INTERLAGOS 2','143.960.857-10','3416322 ES','1993-07-03 00:00:00.000000','SOLTEIRO',NULL,'0',NULL,NULL,'1500,00',NULL,'27 99956-3696',NULL,NULL,1,1,'AUTORIZADO  PARA EMANUELLY/ GLEYSIELLY ','ROSILENI VIEIRA','ROMILDO FRANCISCO DA CONCEIÇÃO'),(76,'MARILENE DOS ANJOS','AVENIDA TOMÉ DE SOUZA, 1120 - INTERLAGOS','088.298.897-25','1446667 ES','1977-09-26 00:00:00.000000','CASADO','JOSEMAR FRANCISCO','0','PROFESSORA',NULL,'2500,00',NULL,'27 99984-5752',NULL,NULL,1,1,NULL,'LINDAURA SANTOS DOS ANJOS','MARCELINO DOS ANJOS'),(77,'JAQUELINE VIEIRA GUASTI','AVENIDA CASTRO ALVES, 934 - INTERLAGOS','058.355.217-07','2.075.668 ES','1986-11-03 00:00:00.000000','CASADO',NULL,'0','VENDEDORA','ARMARINHO HELENA',NULL,NULL,'27 99649-9427',NULL,NULL,1,1,NULL,'MARIA HELENA VIERA GUASTI','ZENILDO BALDASSINI GUASTI'),(78,'MARIA RAIROLIUDA ALVES DA SILVA ','AVENIDA MARTIN AFONSO DE SOUZA, 845 - INTERLAGOS','078.972.887-73','1.533.543 ES','1978-05-07 00:00:00.000000','CASADO','WEVERSON - 27 99974-9691','0','PROFESSORA','ESCOLA MARIA APARECIDA LAVAGNILI','2000,00',NULL,'27 99906-7531',NULL,NULL,1,1,NULL,'MARUZIA ALVES DA SILVA','RAIMUNDO FERREIRA DA SILVA'),(79,'MARCIA CALEGARI','RUA DUQUE DE CAXIAS - MORA EM CIMA DA CEIA',NULL,NULL,NULL,'CASADO',NULL,'0','TÉCNICA ENFERMAGEM','RIO DOCE HOSPITAL',NULL,NULL,'27 99636-7719',NULL,NULL,1,1,'NORA DE ANICEIA CALEGARI',NULL,NULL),(80,'DRENA MACHADO',NULL,NULL,NULL,NULL,'0',NULL,'0',NULL,NULL,NULL,NULL,'27 99824-4297',NULL,NULL,1,1,NULL,NULL,NULL),(81,'MARIA JOSÉ CORREA DE MELO LOUREIRO',NULL,NULL,NULL,NULL,'0',NULL,'0',NULL,NULL,NULL,NULL,'27 99795-1498',NULL,NULL,1,1,'AUTORIZADO PARA IRMÃ SONIA ',NULL,NULL);
/*!40000 ALTER TABLE `Clientes` ENABLE KEYS */;

-- 
-- Definition of HangfireAggregatedCounter
-- 

DROP TABLE IF EXISTS `HangfireAggregatedCounter`;
CREATE TABLE IF NOT EXISTS `HangfireAggregatedCounter` (
  `Id` int(11) NOT NULL AUTO_INCREMENT,
  `Key` varchar(100) NOT NULL,
  `Value` int(11) NOT NULL,
  `ExpireAt` datetime DEFAULT NULL,
  PRIMARY KEY (`Id`),
  UNIQUE KEY `IX_HangfireCounterAggregated_Key` (`Key`)
) ENGINE=InnoDB AUTO_INCREMENT=112 DEFAULT CHARSET=utf8;

-- 
-- Dumping data for table HangfireAggregatedCounter
-- 

/*!40000 ALTER TABLE `HangfireAggregatedCounter` DISABLE KEYS */;
INSERT INTO `HangfireAggregatedCounter`(`Id`,`Key`,`Value`,`ExpireAt`) VALUES(1,'stats:succeeded',74,NULL),(2,'stats:succeeded:2024-06-19',2,'2024-07-19 21:03:24'),(5,'stats:succeeded:2024-06-20',6,'2024-07-20 20:04:37'),(12,'stats:succeeded:2024-06-21',8,'2024-07-21 20:51:38'),(21,'stats:succeeded:2024-06-22',2,'2024-07-22 15:00:25'),(25,'stats:succeeded:2024-06-23',4,'2024-07-23 23:09:56'),(31,'stats:succeeded:2024-06-24',6,'2024-07-24 20:00:17'),(39,'stats:succeeded:2024-06-25',4,'2024-07-25 20:01:19'),(45,'stats:succeeded:2024-06-26',3,'2024-07-26 20:00:14'),(50,'stats:succeeded:2024-06-27',6,'2024-07-27 20:01:27'),(58,'stats:succeeded:2024-06-28',4,'2024-07-28 20:00:18'),(64,'stats:succeeded:2024-06-29',4,'2024-07-29 23:56:24'),(70,'stats:succeeded:2024-06-30',3,'2024-07-30 10:00:08'),(74,'stats:succeeded:2024-07-01',2,'2024-08-01 23:27:54'),(78,'stats:succeeded:2024-07-02',4,'2024-08-02 20:00:13'),(84,'stats:succeeded:2024-07-03',3,'2024-08-03 20:01:31'),(89,'stats:succeeded:2024-07-04',3,'2024-08-04 20:00:07'),(94,'stats:succeeded:2024-07-05',4,'2024-08-05 20:01:29'),(100,'stats:succeeded:2024-07-06',3,'2024-08-06 15:00:21'),(105,'stats:succeeded:2024-07-07',2,'2024-08-07 23:34:45'),(108,'stats:succeeded:2024-07-07-23',1,'2024-07-08 23:34:45'),(109,'stats:succeeded:2024-07-08',1,'2024-08-08 00:00:03'),(110,'stats:succeeded:2024-07-08-00',1,'2024-07-09 00:00:03');
/*!40000 ALTER TABLE `HangfireAggregatedCounter` ENABLE KEYS */;

-- 
-- Definition of HangfireCounter
-- 

DROP TABLE IF EXISTS `HangfireCounter`;
CREATE TABLE IF NOT EXISTS `HangfireCounter` (
  `Id` int(11) NOT NULL AUTO_INCREMENT,
  `Key` varchar(100) NOT NULL,
  `Value` int(11) NOT NULL,
  `ExpireAt` datetime DEFAULT NULL,
  PRIMARY KEY (`Id`),
  KEY `IX_HangfireCounter_Key` (`Key`)
) ENGINE=InnoDB AUTO_INCREMENT=223 DEFAULT CHARSET=utf8;

-- 
-- Dumping data for table HangfireCounter
-- 

/*!40000 ALTER TABLE `HangfireCounter` DISABLE KEYS */;

/*!40000 ALTER TABLE `HangfireCounter` ENABLE KEYS */;

-- 
-- Definition of HangfireDistributedLock
-- 

DROP TABLE IF EXISTS `HangfireDistributedLock`;
CREATE TABLE IF NOT EXISTS `HangfireDistributedLock` (
  `Resource` varchar(100) NOT NULL,
  `CreatedAt` datetime(6) NOT NULL
) ENGINE=InnoDB DEFAULT CHARSET=utf8;

-- 
-- Dumping data for table HangfireDistributedLock
-- 

/*!40000 ALTER TABLE `HangfireDistributedLock` DISABLE KEYS */;

/*!40000 ALTER TABLE `HangfireDistributedLock` ENABLE KEYS */;

-- 
-- Definition of HangfireHash
-- 

DROP TABLE IF EXISTS `HangfireHash`;
CREATE TABLE IF NOT EXISTS `HangfireHash` (
  `Id` int(11) NOT NULL AUTO_INCREMENT,
  `Key` varchar(100) NOT NULL,
  `Field` varchar(40) NOT NULL,
  `Value` longtext DEFAULT NULL,
  `ExpireAt` datetime(6) DEFAULT NULL,
  PRIMARY KEY (`Id`),
  UNIQUE KEY `IX_HangfireHash_Key_Field` (`Key`,`Field`)
) ENGINE=InnoDB AUTO_INCREMENT=237 DEFAULT CHARSET=utf8;

-- 
-- Dumping data for table HangfireHash
-- 

/*!40000 ALTER TABLE `HangfireHash` DISABLE KEYS */;
INSERT INTO `HangfireHash`(`Id`,`Key`,`Field`,`Value`,`ExpireAt`) VALUES(1,'recurring-job:make_backup_bd','Queue','default',NULL),(2,'recurring-job:make_backup_bd','Cron','0 */5 * * *',NULL),(3,'recurring-job:make_backup_bd','TimeZoneId','UTC',NULL),(4,'recurring-job:make_backup_bd','Job','{\"t\":\"flordelizHemilly.Service.MonitorService, flordelizHemilly, Version=1.0.0.0, Culture=neutral, PublicKeyToken=null\",\"m\":\"BackUpBd\",\"p\":[\"System.String, System.Private.CoreLib, Version=7.0.0.0, Culture=neutral, PublicKeyToken=7cec85d7bea7798e\",\"System.String, System.Private.CoreLib, Version=7.0.0.0, Culture=neutral, PublicKeyToken=7cec85d7bea7798e\"],\"a\":[\"\\\"Server=mysql.flordelizlinhares.kinghost.net;Database=flordelizlinha;User=flordelizlinha;Password=10081075731Ganda;\\\"\",\"\\\"d:\\\\\\\\web\\\\\\\\localuser\\\\\\\\flordelizlinhares\\\\\\\\www\\\\\\\\wwwroot\\\"\"]}',NULL),(5,'recurring-job:make_backup_bd','CreatedAt','1718828804361',NULL),(6,'recurring-job:make_backup_bd','NextExecution','1720414800000',NULL),(7,'recurring-job:make_backup_bd','V','2',NULL),(9,'recurring-job:make_backup_bd','LastExecution','1720396800490',NULL),(10,'recurring-job:make_backup_bd','LastJobId','74',NULL);
/*!40000 ALTER TABLE `HangfireHash` ENABLE KEYS */;

-- 
-- Definition of HangfireJob
-- 

DROP TABLE IF EXISTS `HangfireJob`;
CREATE TABLE IF NOT EXISTS `HangfireJob` (
  `Id` int(11) NOT NULL AUTO_INCREMENT,
  `StateId` int(11) DEFAULT NULL,
  `StateName` varchar(20) DEFAULT NULL,
  `InvocationData` longtext NOT NULL,
  `Arguments` longtext NOT NULL,
  `CreatedAt` datetime(6) NOT NULL,
  `ExpireAt` datetime(6) DEFAULT NULL,
  PRIMARY KEY (`Id`),
  KEY `IX_HangfireJob_StateName` (`StateName`)
) ENGINE=InnoDB AUTO_INCREMENT=75 DEFAULT CHARSET=utf8;

-- 
-- Dumping data for table HangfireJob
-- 

/*!40000 ALTER TABLE `HangfireJob` DISABLE KEYS */;
INSERT INTO `HangfireJob`(`Id`,`StateId`,`StateName`,`InvocationData`,`Arguments`,`CreatedAt`,`ExpireAt`) VALUES(73,219,'Succeeded','{\"Type\":\"flordelizHemilly.Service.MonitorService, flordelizHemilly, Version=1.0.0.0, Culture=neutral, PublicKeyToken=null\",\"Method\":\"BackUpBd\",\"ParameterTypes\":\"[\\\"System.String, System.Private.CoreLib, Version=7.0.0.0, Culture=neutral, PublicKeyToken=7cec85d7bea7798e\\\",\\\"System.String, System.Private.CoreLib, Version=7.0.0.0, Culture=neutral, PublicKeyToken=7cec85d7bea7798e\\\"]\",\"Arguments\":\"[\\\"\\\\\\\"Server=mysql.flordelizlinhares.kinghost.net;Database=flordelizlinha;User=flordelizlinha;Password=10081075731Ganda;\\\\\\\"\\\",\\\"\\\\\\\"d:\\\\\\\\\\\\\\\\web\\\\\\\\\\\\\\\\localuser\\\\\\\\\\\\\\\\flordelizlinhares\\\\\\\\\\\\\\\\www\\\\\\\\\\\\\\\\wwwroot\\\\\\\"\\\"]\"}','[\"\\\"Server=mysql.flordelizlinhares.kinghost.net;Database=flordelizlinha;User=flordelizlinha;Password=10081075731Ganda;\\\"\",\"\\\"d:\\\\\\\\web\\\\\\\\localuser\\\\\\\\flordelizlinhares\\\\\\\\www\\\\\\\\wwwroot\\\"\"]','2024-07-07 23:34:29.280031','2024-07-08 23:34:45.993197'),(74,222,'Succeeded','{\"Type\":\"flordelizHemilly.Service.MonitorService, flordelizHemilly, Version=1.0.0.0, Culture=neutral, PublicKeyToken=null\",\"Method\":\"BackUpBd\",\"ParameterTypes\":\"[\\\"System.String, System.Private.CoreLib, Version=7.0.0.0, Culture=neutral, PublicKeyToken=7cec85d7bea7798e\\\",\\\"System.String, System.Private.CoreLib, Version=7.0.0.0, Culture=neutral, PublicKeyToken=7cec85d7bea7798e\\\"]\",\"Arguments\":\"[\\\"\\\\\\\"Server=mysql.flordelizlinhares.kinghost.net;Database=flordelizlinha;User=flordelizlinha;Password=10081075731Ganda;\\\\\\\"\\\",\\\"\\\\\\\"d:\\\\\\\\\\\\\\\\web\\\\\\\\\\\\\\\\localuser\\\\\\\\\\\\\\\\flordelizlinhares\\\\\\\\\\\\\\\\www\\\\\\\\\\\\\\\\wwwroot\\\\\\\"\\\"]\"}','[\"\\\"Server=mysql.flordelizlinhares.kinghost.net;Database=flordelizlinha;User=flordelizlinha;Password=10081075731Ganda;\\\"\",\"\\\"d:\\\\\\\\web\\\\\\\\localuser\\\\\\\\flordelizlinhares\\\\\\\\www\\\\\\\\wwwroot\\\"\"]','2024-07-08 00:00:00.495938','2024-07-09 00:00:03.351919');
/*!40000 ALTER TABLE `HangfireJob` ENABLE KEYS */;

-- 
-- Definition of HangfireJobParameter
-- 

DROP TABLE IF EXISTS `HangfireJobParameter`;
CREATE TABLE IF NOT EXISTS `HangfireJobParameter` (
  `Id` int(11) NOT NULL AUTO_INCREMENT,
  `JobId` int(11) NOT NULL,
  `Name` varchar(40) NOT NULL,
  `Value` longtext DEFAULT NULL,
  PRIMARY KEY (`Id`),
  UNIQUE KEY `IX_HangfireJobParameter_JobId_Name` (`JobId`,`Name`),
  KEY `FK_HangfireJobParameter_Job` (`JobId`),
  CONSTRAINT `FK_HangfireJobParameter_Job` FOREIGN KEY (`JobId`) REFERENCES `HangfireJob` (`Id`) ON DELETE CASCADE ON UPDATE CASCADE
) ENGINE=InnoDB AUTO_INCREMENT=297 DEFAULT CHARSET=utf8;

-- 
-- Dumping data for table HangfireJobParameter
-- 

/*!40000 ALTER TABLE `HangfireJobParameter` DISABLE KEYS */;
INSERT INTO `HangfireJobParameter`(`Id`,`JobId`,`Name`,`Value`) VALUES(289,73,'RecurringJobId','\"make_backup_bd\"'),(290,73,'Time','1720395269'),(291,73,'CurrentCulture','\"pt-BR\"'),(292,73,'CurrentUICulture','\"pt-BR\"'),(293,74,'RecurringJobId','\"make_backup_bd\"'),(294,74,'Time','1720396800'),(295,74,'CurrentCulture','\"pt-BR\"'),(296,74,'CurrentUICulture','\"pt-BR\"');
/*!40000 ALTER TABLE `HangfireJobParameter` ENABLE KEYS */;

-- 
-- Definition of HangfireJobQueue
-- 

DROP TABLE IF EXISTS `HangfireJobQueue`;
CREATE TABLE IF NOT EXISTS `HangfireJobQueue` (
  `Id` int(11) NOT NULL AUTO_INCREMENT,
  `JobId` int(11) NOT NULL,
  `FetchedAt` datetime(6) DEFAULT NULL,
  `Queue` varchar(50) NOT NULL,
  `FetchToken` varchar(36) DEFAULT NULL,
  PRIMARY KEY (`Id`),
  KEY `IX_HangfireJobQueue_QueueAndFetchedAt` (`Queue`,`FetchedAt`)
) ENGINE=InnoDB AUTO_INCREMENT=75 DEFAULT CHARSET=utf8;

-- 
-- Dumping data for table HangfireJobQueue
-- 

/*!40000 ALTER TABLE `HangfireJobQueue` DISABLE KEYS */;

/*!40000 ALTER TABLE `HangfireJobQueue` ENABLE KEYS */;

-- 
-- Definition of HangfireJobState
-- 

DROP TABLE IF EXISTS `HangfireJobState`;
CREATE TABLE IF NOT EXISTS `HangfireJobState` (
  `Id` int(11) NOT NULL AUTO_INCREMENT,
  `JobId` int(11) NOT NULL,
  `CreatedAt` datetime(6) NOT NULL,
  `Name` varchar(20) NOT NULL,
  `Reason` varchar(100) DEFAULT NULL,
  `Data` longtext DEFAULT NULL,
  PRIMARY KEY (`Id`),
  KEY `FK_HangfireJobState_Job` (`JobId`),
  CONSTRAINT `FK_HangfireJobState_Job` FOREIGN KEY (`JobId`) REFERENCES `HangfireJob` (`Id`) ON DELETE CASCADE ON UPDATE CASCADE
) ENGINE=InnoDB DEFAULT CHARSET=utf8;

-- 
-- Dumping data for table HangfireJobState
-- 

/*!40000 ALTER TABLE `HangfireJobState` DISABLE KEYS */;

/*!40000 ALTER TABLE `HangfireJobState` ENABLE KEYS */;

-- 
-- Definition of HangfireList
-- 

DROP TABLE IF EXISTS `HangfireList`;
CREATE TABLE IF NOT EXISTS `HangfireList` (
  `Id` int(11) NOT NULL AUTO_INCREMENT,
  `Key` varchar(100) NOT NULL,
  `Value` longtext DEFAULT NULL,
  `ExpireAt` datetime(6) DEFAULT NULL,
  PRIMARY KEY (`Id`)
) ENGINE=InnoDB DEFAULT CHARSET=utf8;

-- 
-- Dumping data for table HangfireList
-- 

/*!40000 ALTER TABLE `HangfireList` DISABLE KEYS */;

/*!40000 ALTER TABLE `HangfireList` ENABLE KEYS */;

-- 
-- Definition of HangfireServer
-- 

DROP TABLE IF EXISTS `HangfireServer`;
CREATE TABLE IF NOT EXISTS `HangfireServer` (
  `Id` varchar(100) NOT NULL,
  `Data` longtext NOT NULL,
  `LastHeartbeat` datetime(6) DEFAULT NULL,
  PRIMARY KEY (`Id`)
) ENGINE=InnoDB DEFAULT CHARSET=utf8;

-- 
-- Dumping data for table HangfireServer
-- 

/*!40000 ALTER TABLE `HangfireServer` DISABLE KEYS */;
INSERT INTO `HangfireServer`(`Id`,`Data`,`LastHeartbeat`) VALUES('web22f37:11880:24eeff5a-1e87-4d1a-8739-578618dd4e25','{\"WorkerCount\":5,\"Queues\":[\"default\"],\"StartedAt\":\"2024-07-08T02:01:46.9552713Z\"}','2024-07-08 03:04:48.574337');
/*!40000 ALTER TABLE `HangfireServer` ENABLE KEYS */;

-- 
-- Definition of HangfireSet
-- 

DROP TABLE IF EXISTS `HangfireSet`;
CREATE TABLE IF NOT EXISTS `HangfireSet` (
  `Id` int(11) NOT NULL AUTO_INCREMENT,
  `Key` varchar(100) NOT NULL,
  `Value` varchar(256) NOT NULL,
  `Score` float NOT NULL,
  `ExpireAt` datetime DEFAULT NULL,
  PRIMARY KEY (`Id`),
  UNIQUE KEY `IX_HangfireSet_Key_Value` (`Key`,`Value`)
) ENGINE=InnoDB AUTO_INCREMENT=50093 DEFAULT CHARSET=utf8;

-- 
-- Dumping data for table HangfireSet
-- 

/*!40000 ALTER TABLE `HangfireSet` DISABLE KEYS */;
INSERT INTO `HangfireSet`(`Id`,`Key`,`Value`,`Score`,`ExpireAt`) VALUES(1,'recurring-jobs','make_backup_bd',1.72041E+09,NULL);
/*!40000 ALTER TABLE `HangfireSet` ENABLE KEYS */;

-- 
-- Definition of HangfireState
-- 

DROP TABLE IF EXISTS `HangfireState`;
CREATE TABLE IF NOT EXISTS `HangfireState` (
  `Id` int(11) NOT NULL AUTO_INCREMENT,
  `JobId` int(11) NOT NULL,
  `Name` varchar(20) NOT NULL,
  `Reason` varchar(100) DEFAULT NULL,
  `CreatedAt` datetime(6) NOT NULL,
  `Data` longtext DEFAULT NULL,
  PRIMARY KEY (`Id`),
  KEY `FK_HangfireHangFire_State_Job` (`JobId`),
  CONSTRAINT `FK_HangfireHangFire_State_Job` FOREIGN KEY (`JobId`) REFERENCES `HangfireJob` (`Id`) ON DELETE CASCADE ON UPDATE CASCADE
) ENGINE=InnoDB AUTO_INCREMENT=223 DEFAULT CHARSET=utf8;

-- 
-- Dumping data for table HangfireState
-- 

/*!40000 ALTER TABLE `HangfireState` DISABLE KEYS */;
INSERT INTO `HangfireState`(`Id`,`JobId`,`Name`,`Reason`,`CreatedAt`,`Data`) VALUES(217,73,'Enqueued','Triggered by recurring job scheduler','2024-07-07 23:34:29.383439','{\"EnqueuedAt\":\"1720395269315\",\"Queue\":\"default\"}'),(218,73,'Processing',NULL,'2024-07-07 23:34:44.222023','{\"StartedAt\":\"1720395284189\",\"ServerId\":\"web22f37:15976:ef7152c5-baa9-4181-9e80-7b2733a83ef7\",\"WorkerId\":\"2f91d3e9-779a-445a-a7f4-a7b33099ff24\"}'),(219,73,'Succeeded',NULL,'2024-07-07 23:34:45.988744','{\"SucceededAt\":\"1720395285972\",\"PerformanceDuration\":\"1744\",\"Latency\":\"14948\"}'),(220,74,'Enqueued','Triggered by recurring job scheduler','2024-07-08 00:00:00.500748','{\"EnqueuedAt\":\"1720396800499\",\"Queue\":\"default\"}'),(221,74,'Processing',NULL,'2024-07-08 00:00:02.724537','{\"StartedAt\":\"1720396802704\",\"ServerId\":\"web22f37:15976:ef7152c5-baa9-4181-9e80-7b2733a83ef7\",\"WorkerId\":\"2f91d3e9-779a-445a-a7f4-a7b33099ff24\"}'),(222,74,'Succeeded',NULL,'2024-07-08 00:00:03.350369','{\"SucceededAt\":\"1720396803342\",\"PerformanceDuration\":\"603\",\"Latency\":\"2243\"}');
/*!40000 ALTER TABLE `HangfireState` ENABLE KEYS */;

-- 
-- Definition of Lojas
-- 

DROP TABLE IF EXISTS `Lojas`;
CREATE TABLE IF NOT EXISTS `Lojas` (
  `Id` int(11) NOT NULL AUTO_INCREMENT,
  `Nome` longtext NOT NULL,
  `NomeFantasia` longtext NOT NULL,
  PRIMARY KEY (`Id`)
) ENGINE=InnoDB AUTO_INCREMENT=3 DEFAULT CHARSET=utf8mb4;

-- 
-- Dumping data for table Lojas
-- 

/*!40000 ALTER TABLE `Lojas` DISABLE KEYS */;
INSERT INTO `Lojas`(`Id`,`Nome`,`NomeFantasia`) VALUES(1,'FLOR DE LIZ','FLOR DE LIZ'),(2,'GANDA MODAS','GANDA MODAS');
/*!40000 ALTER TABLE `Lojas` ENABLE KEYS */;

-- 
-- Definition of Usuarios
-- 

DROP TABLE IF EXISTS `Usuarios`;
CREATE TABLE IF NOT EXISTS `Usuarios` (
  `Id` int(11) NOT NULL AUTO_INCREMENT,
  `Nome` longtext NOT NULL,
  `Telefone` longtext NOT NULL,
  `Email` varchar(100) NOT NULL,
  `Login` longtext DEFAULT NULL,
  `Senha` longtext DEFAULT NULL,
  `LojasAcesso` longtext NOT NULL,
  `LojaId` int(11) NOT NULL,
  PRIMARY KEY (`Id`)
) ENGINE=InnoDB AUTO_INCREMENT=4 DEFAULT CHARSET=utf8mb4;

-- 
-- Dumping data for table Usuarios
-- 

/*!40000 ALTER TABLE `Usuarios` DISABLE KEYS */;
INSERT INTO `Usuarios`(`Id`,`Nome`,`Telefone`,`Email`,`Login`,`Senha`,`LojasAcesso`,`LojaId`) VALUES(1,'Andre Felipe Ganda','27998238617','andrefelipeg@hotmail.com','andre.ganda','123456','[\"1\"]',1),(2,'hemilly ganda','999999','hmrganda@gmail.com','hemilly.ganda','10203045','[\"1\",\"2\"]',1),(3,'Rosalia Morais Rodrigues Ganda','27997560808','rfmoraisme@hotmail.com','rosalia.ganda','10203045','[\"2\"]',2);
/*!40000 ALTER TABLE `Usuarios` ENABLE KEYS */;

-- 
-- Definition of Vendas
-- 

DROP TABLE IF EXISTS `Vendas`;
CREATE TABLE IF NOT EXISTS `Vendas` (
  `Id` int(11) NOT NULL AUTO_INCREMENT,
  `DataDaVenda` datetime(6) NOT NULL,
  `ClienteId` int(11) DEFAULT NULL,
  `NumeroParcelas` int(11) NOT NULL,
  `Total` decimal(10,2) NOT NULL,
  `LojaId` int(11) DEFAULT NULL,
  `Entrada` decimal(65,30) NOT NULL,
  `TipoPagamento` int(11) DEFAULT NULL,
  `Status` int(11) NOT NULL,
  `Observacao` longtext DEFAULT NULL,
  `Excluido` int(11) NOT NULL DEFAULT 0,
  PRIMARY KEY (`Id`),
  KEY `IX_Vendas_ClienteId` (`ClienteId`),
  CONSTRAINT `FK_Vendas_Clientes_ClienteId` FOREIGN KEY (`ClienteId`) REFERENCES `Clientes` (`ClienteID`)
) ENGINE=InnoDB AUTO_INCREMENT=227 DEFAULT CHARSET=utf8mb4;

-- 
-- Dumping data for table Vendas
-- 

/*!40000 ALTER TABLE `Vendas` DISABLE KEYS */;
INSERT INTO `Vendas`(`Id`,`DataDaVenda`,`ClienteId`,`NumeroParcelas`,`Total`,`LojaId`,`Entrada`,`TipoPagamento`,`Status`,`Observacao`,`Excluido`) VALUES(16,'2024-06-21 00:00:00.000000',18,2,74.90,1,0.0000000000000000000000000000,1,1,NULL,1),(18,'2024-06-24 00:00:00.000000',18,0,68.00,1,0.0000000000000000000000000000,2,1,'PAGAMENTO VIA PIX',0),(19,'2024-06-21 00:00:00.000000',18,2,74.90,1,0.0000000000000000000000000000,4,1,NULL,0),(20,'2024-06-21 00:00:00.000000',18,2,74.90,1,0.0000000000000000000000000000,4,1,NULL,1),(21,'2024-06-24 00:00:00.000000',18,0,69.80,1,0.0000000000000000000000000000,2,1,'PAGAMENTO VIA PIX',0),(22,'2024-06-08 00:00:00.000000',33,2,79.90,1,0.0000000000000000000000000000,1,0,NULL,0),(23,'2024-06-08 00:00:00.000000',34,4,443.30,1,0.0000000000000000000000000000,1,0,NULL,0),(24,'2024-06-18 00:00:00.000000',35,4,279.80,1,0.0000000000000000000000000000,1,0,'COMPRA FEITA POR ANDRESSA',0),(25,'2024-06-25 00:00:00.000000',1,0,32.32,1,0.0000000000000000000000000000,2,1,NULL,1),(26,'2024-06-18 00:00:00.000000',7,2,459.60,1,259.00000000000000000000000000,1,0,NULL,0),(27,'2024-06-18 00:00:00.000000',36,1,59.90,1,0.0000000000000000000000000000,1,0,'COMPRA FEITA PELA MÃE BELOSIRA',0),(28,'2024-06-18 00:00:00.000000',37,4,359.70,1,0.0000000000000000000000000000,1,0,NULL,0),(29,'2024-06-18 00:00:00.000000',38,2,76.90,1,0.0000000000000000000000000000,1,0,NULL,0),(30,'2024-06-08 00:00:00.000000',39,3,149.90,1,0.0000000000000000000000000000,1,0,NULL,0),(31,'2024-06-18 00:00:00.000000',39,3,161.80,1,0.0000000000000000000000000000,1,0,NULL,0),(32,'2024-05-25 00:00:00.000000',39,4,654.60,1,0.0000000000000000000000000000,1,0,NULL,0),(33,'2024-06-18 00:00:00.000000',40,4,254.80,1,0.0000000000000000000000000000,1,0,NULL,0),(34,'2024-06-25 00:00:00.000000',10,2,76.90,1,0.0000000000000000000000000000,1,0,NULL,1),(35,'2024-06-19 00:00:00.000000',41,2,123.70,1,0.0000000000000000000000000000,1,0,NULL,0),(36,'2024-06-19 00:00:00.000000',37,2,79.80,1,0.0000000000000000000000000000,1,0,'COMPRA FEITA PELA MÃE GLORIA',0),(37,'2024-06-19 00:00:00.000000',42,4,249.80,1,0.0000000000000000000000000000,1,0,NULL,0),(38,'2024-06-20 00:00:00.000000',42,2,54.90,1,0.0000000000000000000000000000,1,0,NULL,0),(39,'2024-06-19 00:00:00.000000',43,2,119.90,1,0.0000000000000000000000000000,1,0,'COMPRA FEITA PELA VERA LUCIA PESCA',0),(40,'0001-01-01 00:00:00.000000',43,2,79.90,1,0.0000000000000000000000000000,1,0,'COMPRA FEITA PELA RITA - AMIGA DA VERA LUCIA ',0),(41,'2024-06-19 00:00:00.000000',36,3,136.50,1,0.0000000000000000000000000000,1,0,NULL,0),(42,'2024-06-19 00:00:00.000000',44,1,39.90,1,0.0000000000000000000000000000,1,0,NULL,0),(43,'2024-06-19 00:00:00.000000',42,2,77.80,1,0.0000000000000000000000000000,1,0,NULL,0),(44,'2024-06-19 00:00:00.000000',42,3,139.90,1,0.0000000000000000000000000000,1,0,'COMPRA FEITA PELA MÃE ',0),(45,'2024-06-19 00:00:00.000000',45,1,23.90,1,0.0000000000000000000000000000,1,0,NULL,0),(46,'2024-06-20 00:00:00.000000',10,2,153.80,1,0.0000000000000000000000000000,1,0,'COMPRA FEITA PELO PADASTRO',1),(47,'2024-06-21 00:00:00.000000',46,3,173.80,1,0.0000000000000000000000000000,1,0,NULL,0),(48,'2024-06-22 00:00:00.000000',47,2,79.90,1,0.0000000000000000000000000000,1,0,NULL,0),(49,'2024-06-22 00:00:00.000000',44,4,375.30,1,0.0000000000000000000000000000,1,0,'COMPRA FEITA PELA FILHA KÊNIA',0),(50,'2024-06-25 00:00:00.000000',49,1,53.80,1,0.0000000000000000000000000000,1,1,NULL,0),(51,'2024-06-25 00:00:00.000000',50,2,89.80,1,0.0000000000000000000000000000,1,0,NULL,1),(52,'2024-05-18 00:00:00.000000',50,3,200.50,1,0.0000000000000000000000000000,1,0,NULL,1),(53,'2024-06-25 00:00:00.000000',1,3,100.00,1,0.0000000000000000000000000000,1,0,NULL,1),(54,'2024-05-18 00:00:00.000000',50,3,200.50,1,0.0000000000000000000000000000,1,0,NULL,0),(55,'2024-06-25 00:00:00.000000',1,2,100.00,1,0.0000000000000000000000000000,1,0,NULL,1),(56,'2024-06-25 00:00:00.000000',50,2,89.80,1,0.0000000000000000000000000000,1,0,NULL,0),(57,'2024-06-25 00:00:00.000000',18,0,33.90,1,0.0000000000000000000000000000,2,1,NULL,0),(58,'2024-06-25 00:00:00.000000',18,1,25.00,1,0.0000000000000000000000000000,4,1,NULL,0),(59,'2024-02-26 00:00:00.000000',1,4,3232.23,1,0.0000000000000000000000000000,1,1,NULL,1),(60,'2024-02-26 00:00:00.000000',1,5,433.34,1,0.0000000000000000000000000000,1,0,NULL,1),(61,'2024-06-26 00:00:00.000000',18,0,74.90,1,0.0000000000000000000000000000,3,1,NULL,0),(62,'2024-05-18 00:00:00.000000',50,3,200.50,1,0.0000000000000000000000000000,1,0,NULL,1),(63,'2024-05-27 00:00:00.000000',4,5,303.70,1,50.000000000000000000000000000,1,0,NULL,0),(64,'2024-03-04 00:00:00.000000',51,4,356.30,1,0.0000000000000000000000000000,1,0,'COMPRA FEITA POR DONA LUZIA ( ELA NÃO SABE ASSINAR)',0),(65,'2024-04-01 00:00:00.000000',51,3,154.90,1,0.0000000000000000000000000000,1,0,'COMPRA FEITA PELA DONA LUZIA',0),(66,'2024-05-03 00:00:00.000000',51,4,539.30,1,0.0000000000000000000000000000,1,0,'COMPRA FEITA DONA LUZIA ',0),(67,'2024-06-03 00:00:00.000000',51,4,392.40,1,0.0000000000000000000000000000,1,0,'COMPRA FEITA PELA DONA LUZIA',0),(68,'2024-03-28 00:00:00.000000',2,4,327.60,1,60.000000000000000000000000000,1,0,NULL,0),(69,'2024-05-11 00:00:00.000000',10,3,169.90,1,0.0000000000000000000000000000,1,1,NULL,0),(70,'2024-05-15 00:00:00.000000',10,3,199.90,1,0.0000000000000000000000000000,1,1,NULL,0),(71,'2023-12-27 00:00:00.000000',6,4,215.80,1,0.0000000000000000000000000000,1,0,'COMPRA FEITA PELA FILHA MARKIELLE',0),(72,'2023-12-26 00:00:00.000000',6,5,713.00,1,0.0000000000000000000000000000,1,0,NULL,0),(73,'2024-04-02 00:00:00.000000',3,4,270.60,1,0.0000000000000000000000000000,1,0,NULL,0),(74,'2024-06-12 00:00:00.000000',3,2,99.90,1,0.0000000000000000000000000000,1,0,NULL,0),(75,'2024-05-06 00:00:00.000000',9,1,11.90,1,0.0000000000000000000000000000,1,0,'COMPRA FEITA PELA ELIETE',0),(76,'2024-05-10 00:00:00.000000',9,2,96.80,1,0.0000000000000000000000000000,1,1,'COMPRA FEITA PELA ALESSANDRA',0),(77,'2024-06-06 00:00:00.000000',9,3,205.70,1,0.0000000000000000000000000000,1,0,'COMPRA FEITA PELA ELIETE',0),(78,'2024-06-06 00:00:00.000000',9,4,243.70,1,0.0000000000000000000000000000,1,0,'COMPRA FEITA POR MARCILÉIA',0),(79,'2024-06-13 00:00:00.000000',9,2,109.80,1,0.0000000000000000000000000000,1,0,'COMPRA FEITA PELA ALESSANDRA',0),(80,'2024-06-15 00:00:00.000000',9,1,49.90,1,0.0000000000000000000000000000,1,0,'COMPRA FEITA PELA ALESSANDRA',0),(81,'2024-06-18 00:00:00.000000',38,2,76.90,1,0.0000000000000000000000000000,1,0,NULL,0),(82,'2024-06-29 00:00:00.000000',17,4,239.80,1,0.0000000000000000000000000000,1,0,NULL,1),(83,'2022-06-29 00:00:00.000000',17,4,239.80,1,0.0000000000000000000000000000,1,0,NULL,0),(84,'2022-07-13 00:00:00.000000',17,3,174.80,1,0.0000000000000000000000000000,1,0,NULL,0),(85,'2022-01-11 00:00:00.000000',19,4,552.00,1,0.0000000000000000000000000000,1,0,'NEGOCIAÇÃO DE DIVIDA',1),(86,'2024-02-08 00:00:00.000000',15,4,223.40,1,0.0000000000000000000000000000,1,0,NULL,0),(87,'2024-03-18 00:00:00.000000',15,3,109.80,1,0.0000000000000000000000000000,1,0,NULL,0),(88,'2024-04-12 00:00:00.000000',15,4,229.70,1,0.0000000000000000000000000000,1,0,NULL,0),(89,'2024-04-27 00:00:00.000000',13,4,471.40,1,0.0000000000000000000000000000,1,0,NULL,0),(90,'2024-06-26 00:00:00.000000',18,0,129.00,1,0.0000000000000000000000000000,2,1,NULL,0),(91,'2022-12-01 00:00:00.000000',14,3,279.70,1,0.0000000000000000000000000000,1,0,'COMPRA FEITA PELA ESPOSA AMANDA',0),(92,'2024-03-11 00:00:00.000000',14,4,219.90,1,0.0000000000000000000000000000,1,0,NULL,0),(93,'2024-03-22 00:00:00.000000',14,2,88.90,1,0.0000000000000000000000000000,1,0,NULL,0),(94,'2024-05-27 00:00:00.000000',14,1,29.50,1,0.0000000000000000000000000000,1,0,NULL,0),(95,'2023-12-18 00:00:00.000000',12,6,742.40,1,0.0000000000000000000000000000,1,0,NULL,0),(96,'2024-02-20 00:00:00.000000',12,3,73.50,1,0.0000000000000000000000000000,1,0,NULL,0),(97,'2024-04-18 00:00:00.000000',12,1,8.90,1,0.0000000000000000000000000000,1,0,NULL,0),(98,'2024-05-16 00:00:00.000000',11,4,385.10,1,0.0000000000000000000000000000,1,0,NULL,0),(99,'2024-06-06 00:00:00.000000',12,3,244.50,1,0.0000000000000000000000000000,1,0,NULL,1),(100,'2024-05-08 00:00:00.000000',26,3,149.90,1,0.0000000000000000000000000000,1,0,NULL,0),(101,'2024-05-10 00:00:00.000000',19,3,89.90,1,0.0000000000000000000000000000,1,0,NULL,0),(102,'2024-03-22 00:00:00.000000',27,4,349.60,1,0.0000000000000000000000000000,1,0,NULL,0),(103,'2024-06-22 00:00:00.000000',48,4,604.50,1,0.0000000000000000000000000000,1,0,NULL,0),(104,'2024-04-05 00:00:00.000000',21,3,229.80,1,0.0000000000000000000000000000,1,0,NULL,0),(105,'2024-04-23 00:00:00.000000',21,4,199.90,1,0.0000000000000000000000000000,1,0,NULL,0),(106,'2024-05-24 00:00:00.000000',21,4,526.60,1,0.0000000000000000000000000000,1,0,NULL,0),(107,'2024-06-07 00:00:00.000000',21,4,400.70,1,0.0000000000000000000000000000,1,0,NULL,0),(108,'2022-03-26 00:00:00.000000',28,3,304.20,1,0.0000000000000000000000000000,1,0,NULL,0),(109,'2024-04-12 00:00:00.000000',25,4,315.60,1,0.0000000000000000000000000000,1,0,NULL,0),(110,'2023-11-30 00:00:00.000000',24,4,267.70,1,0.0000000000000000000000000000,1,0,NULL,0),(111,'2024-03-28 00:00:00.000000',23,3,169.80,1,0.0000000000000000000000000000,1,1,'COMPRA FEITA POR LEIDIANE',0),(112,'2024-03-28 00:00:00.000000',23,3,119.90,1,0.0000000000000000000000000000,1,0,NULL,0),(113,'2024-04-11 00:00:00.000000',23,4,329.60,1,0.0000000000000000000000000000,1,0,'COMPRA FEITA POR MAYARA',0),(114,'2024-04-20 00:00:00.000000',22,3,149.90,1,0.0000000000000000000000000000,1,0,NULL,0),(115,'2024-06-15 00:00:00.000000',20,3,199.70,1,0.0000000000000000000000000000,1,0,NULL,0),(116,'2024-05-06 00:00:00.000000',32,2,89.90,1,0.0000000000000000000000000000,1,0,NULL,0),(117,'2024-06-03 00:00:00.000000',31,3,124.80,1,0.0000000000000000000000000000,1,0,NULL,0),(118,'2024-03-28 00:00:00.000000',30,4,258.80,1,0.0000000000000000000000000000,1,0,NULL,0),(119,'2023-12-14 00:00:00.000000',30,4,320.60,1,0.0000000000000000000000000000,1,0,NULL,0),(120,'2024-06-04 00:00:00.000000',30,2,79.80,1,0.0000000000000000000000000000,1,0,NULL,0),(121,'2024-06-13 00:00:00.000000',29,4,266.20,1,0.0000000000000000000000000000,1,0,NULL,0),(122,'2024-06-25 00:00:00.000000',29,3,112.60,1,0.0000000000000000000000000000,1,0,NULL,0),(123,'2024-06-27 00:00:00.000000',1,3,322.33,1,0.0000000000000000000000000000,1,0,NULL,1),(124,'2024-06-27 00:00:00.000000',1,3,23.32,1,0.0000000000000000000000000000,1,0,NULL,1),(125,'2024-03-30 00:00:00.000000',52,5,379.81,1,0.0000000000000000000000000000,1,0,NULL,0),(126,'2024-06-15 00:00:00.000000',52,5,464.60,1,0.0000000000000000000000000000,1,0,NULL,0),(127,'2024-06-21 00:00:00.000000',46,3,173.80,1,0.0000000000000000000000000000,1,0,NULL,0),(128,'2023-02-22 00:00:00.000000',54,5,724.80,1,0.0000000000000000000000000000,1,0,NULL,1),(129,'2023-06-22 00:00:00.000000',54,5,724.80,1,0.0000000000000000000000000000,1,0,NULL,0),(130,'2024-05-16 00:00:00.000000',54,2,74.90,1,0.0000000000000000000000000000,1,1,NULL,0),(131,'2024-03-20 00:00:00.000000',55,4,210.70,1,0.0000000000000000000000000000,1,0,NULL,0),(132,'2024-04-22 00:00:00.000000',55,3,120.80,1,0.0000000000000000000000000000,1,0,NULL,0),(133,'2024-06-11 00:00:00.000000',55,4,173.40,1,0.0000000000000000000000000000,1,0,NULL,0),(134,'2024-05-10 00:00:00.000000',56,2,68.50,1,0.0000000000000000000000000000,1,1,NULL,0),(135,'2023-12-19 00:00:00.000000',57,4,477.50,1,0.0000000000000000000000000000,1,0,NULL,0),(136,'2024-01-25 00:00:00.000000',57,3,166.80,1,0.0000000000000000000000000000,1,0,NULL,0),(137,'2024-02-26 00:00:00.000000',57,3,253.70,1,0.0000000000000000000000000000,1,0,NULL,0),(138,'2024-04-05 00:00:00.000000',57,2,65.80,1,0.0000000000000000000000000000,1,0,NULL,0),(139,'2023-09-15 00:00:00.000000',58,4,236.60,1,0.0000000000000000000000000000,1,0,NULL,0),(140,'2023-12-23 00:00:00.000000',58,1,29.90,1,0.0000000000000000000000000000,1,0,NULL,0),(141,'2024-05-03 00:00:00.000000',58,1,69.90,1,0.0000000000000000000000000000,1,0,'COMPRA FEITA PELA CUNHADA JOCIMARA',1),(142,'2024-05-03 00:00:00.000000',58,4,440.50,1,0.0000000000000000000000000000,1,0,'COMPRA FEITA PELA CUNHADA JOCIMARA',0),(143,'2024-07-01 00:00:00.000000',58,2,259.70,1,0.0000000000000000000000000000,1,0,'COMPRA FEITA PELA CUNHADA JOCIMARA',0),(144,'2024-05-22 00:00:00.000000',59,4,314.40,1,0.0000000000000000000000000000,1,0,NULL,0),(145,'2024-04-20 00:00:00.000000',60,3,250.70,1,0.0000000000000000000000000000,1,0,NULL,0),(146,'2023-08-02 00:00:00.000000',61,4,191.30,1,0.0000000000000000000000000000,1,0,NULL,0),(147,'2023-09-01 00:00:00.000000',61,4,169.90,1,0.0000000000000000000000000000,1,0,NULL,0),(148,'2023-11-17 00:00:00.000000',61,4,250.50,1,0.0000000000000000000000000000,1,0,NULL,0),(149,'2024-05-02 00:00:00.000000',62,4,179.90,1,0.0000000000000000000000000000,1,0,NULL,0),(150,'2024-06-08 00:00:00.000000',62,4,194.80,1,0.0000000000000000000000000000,1,0,NULL,0),(151,'2024-06-07 00:00:00.000000',44,4,294.70,1,0.0000000000000000000000000000,1,0,NULL,0),(152,'2024-05-08 00:00:00.000000',63,3,179.80,1,0.0000000000000000000000000000,1,0,NULL,0),(153,'2024-05-07 00:00:00.000000',64,4,351.20,1,0.0000000000000000000000000000,1,0,NULL,0),(154,'2024-03-19 00:00:00.000000',65,3,228.70,1,0.0000000000000000000000000000,1,0,NULL,0),(155,'2024-04-16 00:00:00.000000',66,4,238.70,1,0.0000000000000000000000000000,1,0,NULL,0),(156,'2024-05-24 00:00:00.000000',66,3,124.90,1,0.0000000000000000000000000000,1,0,NULL,0),(157,'2024-03-27 00:00:00.000000',67,4,304.60,1,0.0000000000000000000000000000,1,0,NULL,0),(158,'2024-04-15 00:00:00.000000',67,2,71.80,1,0.0000000000000000000000000000,1,0,NULL,0),(159,'2024-05-23 00:00:00.000000',67,1,44.90,1,0.0000000000000000000000000000,1,0,NULL,0),(160,'2024-05-23 00:00:00.000000',68,2,71.90,1,0.0000000000000000000000000000,1,0,'COMPRA FEITA LUCIANA PARA PRESENTE AMIGA DO TRABALHO',0),(161,'2024-06-07 00:00:00.000000',68,4,215.70,1,0.0000000000000000000000000000,1,0,'COMPRA FEITA PELA FILHA DUDA',0),(162,'2024-05-03 00:00:00.000000',68,2,69.80,1,0.0000000000000000000000000000,1,1,NULL,0),(163,'2024-04-13 00:00:00.000000',68,4,306.70,1,0.0000000000000000000000000000,1,0,NULL,0),(164,'2024-04-02 00:00:00.000000',68,4,372.70,1,0.0000000000000000000000000000,1,0,NULL,0),(165,'2024-06-28 00:00:00.000000',18,0,76.90,1,0.0000000000000000000000000000,2,1,NULL,0),(166,'2024-06-28 00:00:00.000000',18,0,20.10,1,0.0000000000000000000000000000,3,1,NULL,0),(167,'2024-06-29 00:00:00.000000',18,0,216.80,1,0.0000000000000000000000000000,2,1,NULL,0),(168,'2024-06-29 00:00:00.000000',18,0,15.80,1,0.0000000000000000000000000000,2,1,NULL,0),(169,'2024-06-29 00:00:00.000000',18,0,56.00,1,0.0000000000000000000000000000,2,1,NULL,0),(170,'2024-06-29 00:00:00.000000',18,2,62.80,1,0.0000000000000000000000000000,4,1,NULL,0),(171,'2024-06-29 00:00:00.000000',18,0,280.00,1,0.0000000000000000000000000000,2,1,NULL,0),(172,'2024-06-29 00:00:00.000000',18,0,68.00,1,0.0000000000000000000000000000,2,1,NULL,0),(173,'2024-06-20 00:00:00.000000',10,2,76.90,1,0.0000000000000000000000000000,1,0,'COMPRA FEITA PELO PADASTRO',0),(174,'2024-06-18 00:00:00.000000',10,3,153.80,1,0.0000000000000000000000000000,1,0,NULL,0),(175,'2024-05-07 00:00:00.000000',69,4,266.70,1,0.0000000000000000000000000000,1,0,NULL,0),(176,'2024-05-17 00:00:00.000000',69,3,179.80,1,0.0000000000000000000000000000,1,0,NULL,0),(177,'2024-05-21 00:00:00.000000',69,3,144.90,1,0.0000000000000000000000000000,1,0,'COMPRA FEITA PELO ANANIAS',0),(178,'2024-06-05 00:00:00.000000',69,2,79.90,1,0.0000000000000000000000000000,1,0,'COMPRA FEITA PELO ANANIAS',0),(179,'2024-06-05 00:00:00.000000',69,3,299.80,1,0.0000000000000000000000000000,1,0,'COMPRA AUTORIZADA PELO ANANIAS PARA NETE(IRMÃ)',0),(180,'2024-07-02 00:00:00.000000',18,2,61.80,1,0.0000000000000000000000000000,4,1,NULL,0),(181,'2024-06-25 00:00:00.000000',67,2,87.80,1,0.0000000000000000000000000000,1,0,'PRESENTE PARA MARIA ISIS',0),(182,'2024-06-25 00:00:00.000000',70,4,199.30,1,0.0000000000000000000000000000,1,0,NULL,0),(183,'2024-06-26 00:00:00.000000',71,2,144.90,1,0.0000000000000000000000000000,1,0,NULL,0),(184,'2024-05-25 00:00:00.000000',74,4,345.50,1,0.0000000000000000000000000000,1,0,NULL,0),(185,'2024-07-03 00:00:00.000000',18,0,8.90,1,0.0000000000000000000000000000,2,1,NULL,0),(186,'2024-06-07 00:00:00.000000',74,4,244.70,1,0.0000000000000000000000000000,1,0,'COMPRA FEITA POR DEUSIMAR',0),(187,'2024-06-10 00:00:00.000000',74,1,55.90,1,0.0000000000000000000000000000,1,0,NULL,0),(188,'2024-06-26 00:00:00.000000',74,1,29.90,1,0.0000000000000000000000000000,1,0,'COMPRA FEITA POR DEUSIMAR',0),(189,'2024-06-26 00:00:00.000000',27,4,299.80,1,0.0000000000000000000000000000,1,0,'COMPRA FEITA PELA IRMÃ JOSILENE',0),(190,'2024-06-06 00:00:00.000000',12,3,244.50,1,0.0000000000000000000000000000,1,0,NULL,1),(191,'2024-06-06 00:00:00.000000',11,3,244.50,1,0.0000000000000000000000000000,1,0,NULL,0),(192,'2024-03-05 00:00:00.000000',75,4,470.30,1,0.0000000000000000000000000000,1,0,'COMPRA FEITA POR EMANUELLY',0),(193,'2024-04-17 00:00:00.000000',75,4,370.70,1,0.0000000000000000000000000000,1,0,'COMPRA FEITA POR EMANUELLY',0),(194,'2024-05-03 00:00:00.000000',75,3,167.80,1,0.0000000000000000000000000000,1,0,'COMPRA FEITA PELO JÚLIO',0),(195,'2024-05-04 00:00:00.000000',75,4,231.10,1,0.0000000000000000000000000000,1,0,'COMPRA FEITA POR EMANUELLY',0),(196,'2024-05-10 00:00:00.000000',75,4,250.50,1,0.0000000000000000000000000000,1,0,'COMPRA FEITA POR GLEYSIELLY',0),(197,'2024-05-24 00:00:00.000000',75,2,84.80,1,0.0000000000000000000000000000,1,0,NULL,0),(198,'2024-06-12 00:00:00.000000',75,4,492.20,1,0.0000000000000000000000000000,1,0,'COMPRA FEITA POR EMANUELLY',0),(199,'2024-06-26 00:00:00.000000',75,1,6.90,1,0.0000000000000000000000000000,1,0,NULL,0),(200,'2024-06-07 00:00:00.000000',76,4,258.60,1,0.0000000000000000000000000000,1,0,NULL,0),(201,'2024-06-27 00:00:00.000000',76,1,44.90,1,0.0000000000000000000000000000,1,0,NULL,0),(202,'2024-06-27 00:00:00.000000',77,3,92.80,1,0.0000000000000000000000000000,1,0,NULL,0),(203,'2024-05-09 00:00:00.000000',35,4,239.80,1,0.0000000000000000000000000000,1,0,'COMPRA FEITA PELA MÃE MINERVINA',0),(204,'2024-05-16 00:00:00.000000',35,4,192.80,1,0.0000000000000000000000000000,1,0,'COMPRA FEITA POR ANDRESSA',0),(205,'2024-06-27 00:00:00.000000',35,4,219.40,1,0.0000000000000000000000000000,1,0,'COMPRA FEITA POR JENNIFER',0),(206,'2024-06-10 00:00:00.000000',78,4,199.90,1,0.0000000000000000000000000000,1,0,NULL,0),(207,'2024-06-11 00:00:00.000000',78,2,149.90,1,0.0000000000000000000000000000,1,0,'COMPRA FEITA PELO WEVERSON',0),(208,'2024-06-11 00:00:00.000000',78,2,174.90,1,0.0000000000000000000000000000,1,0,'COMPRA FEITA POR BIANCA',0),(209,'2024-06-28 00:00:00.000000',78,2,55.80,1,0.0000000000000000000000000000,1,0,NULL,0),(210,'2024-06-28 00:00:00.000000',78,2,66.80,1,0.0000000000000000000000000000,1,0,'COMPRA FEITA PELA BIANCA',0),(211,'2024-06-28 00:00:00.000000',60,3,239.40,1,0.0000000000000000000000000000,1,0,NULL,0),(212,'2024-06-29 00:00:00.000000',35,3,110.90,1,0.0000000000000000000000000000,1,0,'COMPRA FEITA SÔNIA',0),(213,'2024-09-29 00:00:00.000000',54,4,304.50,1,0.0000000000000000000000000000,1,0,NULL,1),(214,'2024-06-29 00:00:00.000000',79,2,109.80,1,0.0000000000000000000000000000,1,0,NULL,0),(215,'2024-06-28 00:00:00.000000',80,2,68.90,1,0.0000000000000000000000000000,1,0,NULL,0),(216,'2024-04-10 00:00:00.000000',81,4,300.20,1,0.0000000000000000000000000000,1,0,'COMPRA FEITA PELA SÔNIA',0),(217,'2024-04-27 00:00:00.000000',81,3,207.60,1,0.0000000000000000000000000000,1,0,'COMPRA FEITA PELA SONIA',0),(218,'2024-05-10 00:00:00.000000',81,4,348.50,1,0.0000000000000000000000000000,1,0,'COMPRA FEITA PELA SONIA',0),(219,'2024-05-23 00:00:00.000000',81,3,177.70,1,0.0000000000000000000000000000,1,0,'COMPRA FEITA PELA SONIA',0),(220,'2024-06-07 00:00:00.000000',81,3,115.30,1,0.0000000000000000000000000000,1,0,NULL,0),(221,'2024-06-10 00:00:00.000000',81,3,207.70,1,0.0000000000000000000000000000,1,0,NULL,0),(222,'2024-06-28 00:00:00.000000',81,2,76.90,1,0.0000000000000000000000000000,1,0,NULL,0),(223,'2024-07-04 00:00:00.000000',43,0,9.90,1,0.0000000000000000000000000000,2,1,NULL,0),(224,'2024-06-29 00:00:00.000000',54,4,304.50,1,0.0000000000000000000000000000,1,0,NULL,0),(225,'2024-07-06 00:00:00.000000',18,2,99.90,1,0.0000000000000000000000000000,4,1,NULL,0),(226,'2024-07-06 00:00:00.000000',18,0,80.90,1,0.0000000000000000000000000000,2,1,NULL,0);
/*!40000 ALTER TABLE `Vendas` ENABLE KEYS */;

-- 
-- Definition of ItemVendas
-- 

DROP TABLE IF EXISTS `ItemVendas`;
CREATE TABLE IF NOT EXISTS `ItemVendas` (
  `Id` int(11) NOT NULL AUTO_INCREMENT,
  `VendaId` int(11) NOT NULL,
  `NomeDoProduto` longtext NOT NULL,
  `Quantidade` int(11) NOT NULL,
  `PrecoUnitario` decimal(65,30) NOT NULL,
  PRIMARY KEY (`Id`),
  KEY `IX_ItemVendas_VendaId` (`VendaId`),
  CONSTRAINT `FK_ItemVendas_Vendas_VendaId` FOREIGN KEY (`VendaId`) REFERENCES `Vendas` (`Id`) ON DELETE CASCADE
) ENGINE=InnoDB AUTO_INCREMENT=564 DEFAULT CHARSET=utf8mb4;

-- 
-- Dumping data for table ItemVendas
-- 

/*!40000 ALTER TABLE `ItemVendas` DISABLE KEYS */;
INSERT INTO `ItemVendas`(`Id`,`VendaId`,`NomeDoProduto`,`Quantidade`,`PrecoUnitario`) VALUES(7,16,'CAMISA USE MAIS TAM. P ',1,74.900000000000000000000000000),(9,18,'BERMUDA BRIM INFANTIL TAM.16',1,68.000000000000000000000000000),(10,19,'CAMISA MASCULINA USE MAIS TAM.P',1,74.900000000000000000000000000),(11,20,'CAMISA MASCULINA USE MAIS TA.P',1,74.900000000000000000000000000),(12,21,'CINTO MASCULINO',1,34.900000000000000000000000000),(13,21,'CINTO FEMININO',1,34.900000000000000000000000000),(14,22,'CALÇA PANTALONA ESTAMPADA',1,79.90000000000000000000000000),(15,23,'BLUSA MALHA',1,39.900000000000000000000000000),(16,23,'VESTIDO MOLETINHO VINHO',1,99.90000000000000000000000000),(17,23,'BLUSA TECIDO',1,64.900000000000000000000000000),(18,23,'BRINCO FOLHEADO',1,38.900000000000000000000000000),(19,23,'CONJUNTO INFANTIL',1,59.900000000000000000000000000),(20,23,'BLUSA MALHA',1,39.900000000000000000000000000),(21,23,'VESTIDO MOLETINHO CINZA',1,99.90000000000000000000000000),(22,24,'VESTIDO TECIDO',1,139.90000000000000000000000000),(23,24,'VESTIDO TECIDO',1,139.90000000000000000000000000),(24,25,'TSETEA',1,32.320000000000000000000000000),(25,26,'CALÇA JEANS FEMININA',3,119.90000000000000000000000000),(26,26,'CALÇA JEANS FEMININA',1,99.90000000000000000000000000),(27,27,'BERMUDA BRIM INFANTIL MASCULINA',1,59.900000000000000000000000000),(28,28,'VESTIDO TECIDO',1,159.90000000000000000000000000),(29,28,'VESTIDO TECIDO',1,149.90000000000000000000000000),(30,28,'REFIL HIDRANTE NATURA ALGODÃO',1,49.900000000000000000000000000),(31,29,'HIDRATANTE BOTICÁRIO AMEIXA NEGRA',1,76.900000000000000000000000000),(32,30,'VESTIDO TECIDO ',1,149.90000000000000000000000000),(33,31,'HIDRANTE BOTICARIO ORQUIDEA',1,76.900000000000000000000000000),(34,31,'BODY SPLASH ORQUIDEA BOTICARIO',1,84.90000000000000000000000000),(35,32,'SUTIÃ GG',1,69.900000000000000000000000000),(36,32,'SUTIÃ GGG',1,69.900000000000000000000000000),(37,32,'PALETA DE SOMBRAS MAQUIAGEM',1,22.900000000000000000000000000),(38,32,'MAQUIAGEM',1,19.900000000000000000000000000),(39,32,'LÁPIS PARA OLHOS',1,13.900000000000000000000000000),(40,32,'BLUSH ROSADO',1,17.900000000000000000000000000),(41,32,'BLUSH ROSA',1,16.900000000000000000000000000),(42,32,'PÓ COMPACTO',2,13.900000000000000000000000000),(43,32,'GLOSS LABIAL',1,15.900000000000000000000000000),(44,32,'ESPONJA',1,9.900000000000000000000000000),(45,32,'PERFUME EGEO',1,129.90000000000000000000000000),(46,32,'VESTIDO ',1,99.90000000000000000000000000),(47,32,'VESTIDO',1,139.90000000000000000000000000),(48,33,'CUECA ADULTO',2,10.000000000000000000000000000),(49,33,'CALCINHA ADULTO',4,16.900000000000000000000000000),(50,33,'CALCINHA INFANTIL',4,7.9000000000000000000000000000),(51,33,'SUTIÃO TOP MEIA',4,33.900000000000000000000000000),(52,34,'HIDRATANTE AMEIXA NEGRA BOTICÁRIO',1,76.900000000000000000000000000),(53,35,'CALCINHA BUNDA RICA ',2,34.900000000000000000000000000),(54,35,'BRINCO FOLHEADO',1,53.900000000000000000000000000),(55,36,'BLUSA ACADEMIA',1,39.900000000000000000000000000),(56,36,'BERMUDA ACADEMIA',1,39.900000000000000000000000000),(57,37,'CALÇA JEANS',1,129.90000000000000000000000000),(58,37,'CALÇA JEANS',1,119.90000000000000000000000000),(59,38,'CAMISA MASCULINA',1,54.900000000000000000000000000),(60,39,'VESTIDO TECIDO ',1,119.90000000000000000000000000),(61,40,'SHORT JEANS FEMININO',1,79.90000000000000000000000000),(62,41,'BERMUDA MOLETOM INFANTIL',1,64.900000000000000000000000000),(63,41,'GLOSS LABIAL INFANTIL',1,15.900000000000000000000000000),(64,41,'ARCO DE CABELO',1,9.900000000000000000000000000),(65,41,'BOLSA INFANTIL',1,29.900000000000000000000000000),(66,41,'GLOSS INFANTIL',1,15.900000000000000000000000000),(67,42,'BLUSA MALHA',1,39.900000000000000000000000000),(68,43,'CAMISOLA ',1,29.900000000000000000000000000),(69,43,'BABYDOLL',1,47.900000000000000000000000000),(70,44,'VESTIDO TECIDO',1,139.90000000000000000000000000),(71,45,'BRINCO FOLHEADO',1,23.900000000000000000000000000),(72,46,'HIDRADANTE AMEIXA BOTICARIO',2,76.900000000000000000000000000),(73,47,'CALÇA BRIM MASCULINA',1,128.90000000000000000000000000),(74,47,'BLUSA T-SHIRT',1,44.900000000000000000000000000),(75,48,'BOLSA PRETA',1,79.90000000000000000000000000),(76,49,'BLUSA INFANTIL',2,22.900000000000000000000000000),(77,49,'CASACO LINHA ',1,99.90000000000000000000000000),(78,49,'CASACO PÊLO INFANTIL',1,79.90000000000000000000000000),(79,49,'BLUSA TECIDO',1,59.900000000000000000000000000),(80,49,'BLUSA TECIDO',1,49.900000000000000000000000000),(81,49,'LEGGING PRETA INFANTIL',1,39.900000000000000000000000000),(82,50,'SUTIÃ TOP ',1,33.900000000000000000000000000),(83,50,'CINTO FINO FEMININO',1,19.900000000000000000000000000),(84,51,'BERMUDA DE TACTEL MASCULINA',1,39.900000000000000000000000000),(85,51,'BERMUDA TACTEL MASCULINA',1,49.900000000000000000000000000),(86,52,'CALCINHA',4,15.900000000000000000000000000),(87,52,'CALCINHA',1,7.9000000000000000000000000000),(88,52,'CASACO LINHA',1,99.90000000000000000000000000),(89,52,'CALCINHA',1,29.100000000000000000000000000),(90,53,'TESTE2',1,100.00000000000000000000000000),(91,54,'CALCINHA',4,15.900000000000000000000000000),(92,54,'CASACO LINHA',1,99.90000000000000000000000000),(93,54,'CALCINHA',1,29.100000000000000000000000000),(94,54,'CALCINHA',1,7.9000000000000000000000000000),(95,55,'TESTESTES',1,100.00000000000000000000000000),(96,56,'BERMUDA TACTEL',1,39.900000000000000000000000000),(97,56,'BERMUDA TACTEL MASCULINO',1,49.900000000000000000000000000),(98,57,'SUTIÃ TOP',1,33.900000000000000000000000000),(99,58,'BERMUDA PROMOCÇÃO',1,15.000000000000000000000000000),(100,58,'BLUSA PROMOÇÃO',1,10.000000000000000000000000000),(101,59,'TESTETES',1,3232.2300000000000000000000000),(102,60,'WEEQEQEWQE',1,433.34000000000000000000000000),(103,61,'CALÇA PANTALONA JEANS INF. 12',1,74.900000000000000000000000000),(104,62,'CALCINHA ',4,15.900000000000000000000000000),(105,62,'CASACO LINHA',1,99.90000000000000000000000000),(106,62,'CALCINHA',1,7.9000000000000000000000000000),(107,62,'CALCINHA',1,29.100000000000000000000000000),(108,63,'BOLSA FEMININA',1,92.90000000000000000000000000),(109,63,'CASACO LINHA',1,99.90000000000000000000000000),(110,63,'MOLETOM',1,110.90000000000000000000000000),(111,64,'VESTIDO INFANTIL',1,69.900000000000000000000000000),(112,64,'VESTIDO INFANTIL ',1,78.900000000000000000000000000),(113,64,'CALCINHA',1,24.900000000000000000000000000),(114,64,'CALCINHA',1,12.900000000000000000000000000),(115,64,'CALCINHA',1,22.900000000000000000000000000),(116,64,'CONJUNTO INFANTIL',1,59.900000000000000000000000000),(117,64,'VESTIDO INFANTIL',1,86.90000000000000000000000000),(118,65,'PERFUME QUASAR',1,154.90000000000000000000000000),(119,66,'CONJUNTO INFANTIL',1,59.900000000000000000000000000),(120,66,'CONJUNTO INFANTIL',3,88.90000000000000000000000000),(121,66,'CONJUNTO INFANTIL',1,74.900000000000000000000000000),(122,66,'CONJUNTO DE 3 BRINCOS',1,52.900000000000000000000000000),(123,66,'VESTIDO INFANTIL',1,84.90000000000000000000000000),(124,67,'CALÇA JEANS',1,99.90000000000000000000000000),(125,67,'VESTIDO ',1,79.90000000000000000000000000),(126,67,'VESTIDO',1,63.900000000000000000000000000),(127,67,'VESTIDO',1,86.90000000000000000000000000),(128,67,'PIJAMA INFANTIL',1,26.900000000000000000000000000),(129,67,'PIJAMA INFANTIL',1,34.900000000000000000000000000),(130,68,'VESTIDO',2,88.90000000000000000000000000),(131,68,'VESTIDO',1,59.900000000000000000000000000),(132,68,'VESTIDO',1,89.90000000000000000000000000),(133,69,'VESTIDO',1,169.90000000000000000000000000),(134,70,'KIT ESSENCIAL',1,199.90000000000000000000000000),(135,71,'BIQUINI ',1,115.90000000000000000000000000),(136,71,'BIQUINI',1,99.90000000000000000000000000),(137,72,'BLUSA FEMININA',2,39.900000000000000000000000000),(138,72,'SHORT FEMININO',1,69.900000000000000000000000000),(139,72,'SAÍDA PRAIA',1,110.90000000000000000000000000),(140,72,'REGATA MASCULINA',1,54.900000000000000000000000000),(141,72,'REGATA',1,52.900000000000000000000000000),(142,72,'BERMUDA TACTEL',1,62.900000000000000000000000000),(143,72,'BERMUDA TACTEL',1,44.900000000000000000000000000),(144,72,'MAIÔ PRAIA',1,120.90000000000000000000000000),(145,72,'BIQUINI',1,115.90000000000000000000000000),(146,73,'VESTIDO',1,84.90000000000000000000000000),(147,73,'VESTIDO',1,69.900000000000000000000000000),(148,73,'CONJUNTO INFANTIL',1,69.900000000000000000000000000),(149,73,'VESTIDO INFANTIL',1,45.900000000000000000000000000),(150,74,'VESTIDO MALHA PRETO',1,99.90000000000000000000000000),(151,75,'MEIA PARA ESPORTES',1,6.9000000000000000000000000000),(152,75,'MEIA PARA ESPORTES',1,5.0000000000000000000000000000),(153,76,'REGATA INFANTIL',1,46.900000000000000000000000000),(154,76,'BERMUDA MOLETOM INFANTIL',1,49.900000000000000000000000000),(155,77,'CAMISA MASCULINA',1,54.900000000000000000000000000),(156,77,'BLUSA FEMININA',1,39.900000000000000000000000000),(157,77,'VESTIDO VERDE',1,110.90000000000000000000000000),(158,78,'CASACO MOLETOM',1,110.90000000000000000000000000),(159,78,'BLUSA FEMININA',1,44.900000000000000000000000000),(160,78,'BERMUDA MASCULINA BRIM',1,87.90000000000000000000000000),(161,79,'CAMISA MASCULINA',2,54.900000000000000000000000000),(162,80,'CAMISA REGATA',1,49.900000000000000000000000000),(163,81,'HIDRADANTE BOTICÁRIO AMEIXA',1,76.900000000000000000000000000),(164,82,'VESTIDO ',1,99.90000000000000000000000000),(165,82,'VESTIDO',1,139.90000000000000000000000000),(166,83,'VESTIDO',1,99.90000000000000000000000000),(167,83,'VESTIDO',1,139.90000000000000000000000000),(168,84,'VESTIDO',1,148.90000000000000000000000000),(169,84,'DESODORANTE CREME ',1,25.900000000000000000000000000),(170,85,'NEGOCIAÇÃO',1,552.00000000000000000000000000),(171,86,'BLUSA IN',2,20.000000000000000000000000000),(172,86,'SHORT/SAIA INF.''',1,31.900000000000000000000000000),(173,86,'BLUSAS',1,29.900000000000000000000000000),(174,86,'CONJUNTO INF.',1,35.900000000000000000000000000),(175,86,'CAMISA',1,41.900000000000000000000000000),(176,86,'SHORT TACTEL',2,21.900000000000000000000000000),(177,87,'BLUSAS',1,39.900000000000000000000000000),(178,87,'PANTACOURT',1,69.900000000000000000000000000),(179,88,'CALÇA BRIM',1,139.90000000000000000000000000),(180,88,'BLUSAS',2,44.900000000000000000000000000),(181,89,'VESTIDO',1,139.90000000000000000000000000),(182,89,'VESTIDO',1,149.90000000000000000000000000),(183,89,'BLUSA S',1,64.900000000000000000000000000),(184,89,'GLOSS LABIAL',1,15.900000000000000000000000000),(185,89,'BRINQUEDO',1,36.900000000000000000000000000),(186,89,'CALCINHA LUPO',1,63.900000000000000000000000000),(187,90,'CALÇA JEANS FEMININA',1,119.90000000000000000000000000),(188,90,'GLOSS INFANTIL',1,9.100000000000000000000000000),(189,91,'CALÇA PRETA ',1,88.90000000000000000000000000),(190,91,'CALÇA PRETA',1,79.90000000000000000000000000),(191,91,'CALÇA PRETA',1,110.90000000000000000000000000),(192,92,'PERFUME HER CODE BOTICARIO',1,219.90000000000000000000000000),(193,93,'CALÇA JEANS MASCULINA',1,88.90000000000000000000000000),(194,94,'MEIA MASCULINA',5,5.9000000000000000000000000000),(195,95,'VESTIDO PROMOÇÃO',1,70.000000000000000000000000000),(196,95,'BLUSA FEMININA',1,39.900000000000000000000000000),(197,95,'REGATA',1,27.900000000000000000000000000),(198,95,'BERMUDA MOLETOM',1,39.900000000000000000000000000),(199,95,'REGATA',1,34.900000000000000000000000000),(200,95,'BERMUDA MOLETOM',1,34.900000000000000000000000000),(201,95,'CONJUNTO INFANTIL',1,42.900000000000000000000000000),(202,95,'CONJUNTO INFANTIL ',1,87.90000000000000000000000000),(203,95,'CONJUNTO REGATA',1,39.900000000000000000000000000),(204,95,'CONJUNTO REGATA',1,39.900000000000000000000000000),(205,95,'CONJUNTO REGATA',1,42.900000000000000000000000000),(206,95,'CUECA MASC.',2,11.900000000000000000000000000),(207,95,'CUECA BOXE',2,13.900000000000000000000000000),(208,95,'BRINQUEDO',1,59.900000000000000000000000000),(209,95,'PERFUME EGEO RED BOTICARIO',1,129.90000000000000000000000000),(210,96,'LAÇO INFANTIL',1,9.900000000000000000000000000),(211,96,'CALCINHA',3,16.900000000000000000000000000),(212,96,'LAÇO INFANTIL',1,12.900000000000000000000000000),(213,97,'GLOSS LABIAL',1,8.900000000000000000000000000),(214,98,'BLUSA DE MALHA',3,39.900000000000000000000000000),(215,98,'BERMUDA DE COTTON',1,44.900000000000000000000000000),(216,98,'BERMUDA DE BEGALINE',1,59.900000000000000000000000000),(217,98,'CALCINHA COTTON',3,23.900000000000000000000000000),(218,98,'COLAR FOLHEAD',1,88.90000000000000000000000000),(219,99,'KIT PINCEL',1,22.900000000000000000000000000),(220,99,'BLUSH ROSADO',1,18.900000000000000000000000000),(221,99,'CARDIGAN',1,89.90000000000000000000000000),(222,99,'BLUSA MALHA',1,39.900000000000000000000000000),(223,99,'CALÇA FEMININA',1,72.900000000000000000000000000),(224,100,'VESTIDO TECIDO',1,149.90000000000000000000000000),(225,101,'BERMUDA JEANS',1,89.90000000000000000000000000),(226,102,'VESTIDO',1,139.90000000000000000000000000),(227,102,'OCULOS INFANTIL',1,29.900000000000000000000000000),(228,102,'BLUSA FEMINA',1,39.900000000000000000000000000),(229,102,'VESTIDO',1,139.90000000000000000000000000),(230,103,'VESTIDO TECIDO',2,149.90000000000000000000000000),(231,103,'VESTIDO INFANTIL',1,84.90000000000000000000000000),(232,103,'CONJUNTO INFANTIL',1,79.90000000000000000000000000),(233,103,'CALÇA JEANS MOM',1,139.90000000000000000000000000),(234,104,'VESTIDO',1,149.90000000000000000000000000),(235,104,'BLUSA TECIDO',1,79.90000000000000000000000000),(236,105,'VESTIDO LAYSE',1,199.90000000000000000000000000),(237,106,'CONJUNTO SAIA/BLUSA',1,179.90000000000000000000000000),(238,106,'VESTIDO ',1,88.90000000000000000000000000),(239,106,'CALÇA ESPORTE FINO MASCULINA',2,128.90000000000000000000000000),(240,107,'CALÇA ESPORTE FINO MASCULINA',1,128.90000000000000000000000000),(241,107,'CALÇA PROMOÇÃO',1,50.000000000000000000000000000),(242,107,'CAMISA XADREZ MASCULINA',1,110.90000000000000000000000000),(243,107,'CAMISA CINZA SOCIAL',1,110.90000000000000000000000000),(244,108,'CALÇA FEMININA',1,110.90000000000000000000000000),(245,108,'TOP FEMININO',1,39.900000000000000000000000000),(246,108,'BOLSA FEMININA',1,59.900000000000000000000000000),(247,108,'BASE PARA O ROSTO',1,24.900000000000000000000000000),(248,108,'ESPOJA',1,9.900000000000000000000000000),(249,108,'BLUSH ROSADO',1,17.900000000000000000000000000),(250,108,'MASCARA DE CILIOS',1,24.900000000000000000000000000),(251,108,'XUXINHA CABELO',1,3.0000000000000000000000000000),(252,108,'PÓ COMPACTO',1,12.900000000000000000000000000),(253,109,'VESTIDO',2,79.90000000000000000000000000),(254,109,'VESTIDO',1,110.90000000000000000000000000),(255,109,'BLUSA FEMININA',1,44.900000000000000000000000000),(256,110,'MAIÔ INFANTIL',1,104.90000000000000000000000000),(257,110,'CAMISA MASCULINA',1,74.900000000000000000000000000),(258,110,'CONJUNTO INFANTIL',1,87.90000000000000000000000000),(259,111,'CONJUNTO ALFAIATARIA',1,99.90000000000000000000000000),(260,111,'BERMUDA LINHO',1,69.900000000000000000000000000),(261,112,'VESTIDO',1,119.90000000000000000000000000),(262,113,'SHORT LINHO',1,69.900000000000000000000000000),(263,113,'BLUSA FEMININA',1,39.900000000000000000000000000),(264,113,'BLUSA FEMININ A',1,59.900000000000000000000000000),(265,113,'VESTIDO',1,159.90000000000000000000000000),(266,114,'VESTIDO ',1,149.90000000000000000000000000),(267,115,'CALÇA JEANS',1,119.90000000000000000000000000),(268,115,'BLUSA MALHA',2,39.900000000000000000000000000),(269,116,'VESTIDO',1,89.90000000000000000000000000),(270,117,'MOLETOM',1,110.90000000000000000000000000),(271,117,'PÓ COMPACTO',1,13.900000000000000000000000000),(272,118,'CALÇA JEANS',1,128.90000000000000000000000000),(273,118,'MACAQUINHO',1,129.90000000000000000000000000),(274,119,'BLUSA FEMININA',1,59.900000000000000000000000000),(275,119,'BLUSA FEMININA',1,69.900000000000000000000000000),(276,119,'SHORT FEMININO',1,79.90000000000000000000000000),(277,119,'VESTIDO ',1,110.90000000000000000000000000),(278,120,'BRINCO FOLHEADO',2,39.900000000000000000000000000),(279,121,'CONJUNTO INFANTIL',1,79.90000000000000000000000000),(280,121,'BERMUDA MOLETOM ',1,42.900000000000000000000000000),(281,121,'CALCINHA',6,23.900000000000000000000000000),(282,122,'SHORT ACADEMIA',2,32.400000000000000000000000000),(283,122,'CALCINHA',2,23.900000000000000000000000000),(284,123,'TESTE33',1,322.33000000000000000000000000),(285,124,'ASDSSDAD',1,23.320000000000000000000000000),(286,125,'CALCINHA INFANTIL',6,9.900000000000000000000000000),(287,125,'CALCINHA',4,13.900000000000000000000000000),(288,125,'SHORT MOLETOM INFANTIL',1,29.900000000000000000000000000),(289,125,'CUEIR0 DE BEBÊ',1,36.900000000000000000000000000),(290,125,'CALCINHA',1,23.900000000000000000000000000),(291,125,'PERFUME QUASAR',1,130.90000000000000000000000000),(292,125,'CONDICIONADOR SOPHIE',1,42.900000000000000000000000000),(293,125,'RESTANTE',1,0.3100000000000000000000000000),(294,126,'CAMISA',2,69.900000000000000000000000000),(295,126,'PERFUME MALBEC',1,199.90000000000000000000000000),(296,126,'PERFUME QUASAR',1,124.90000000000000000000000000),(297,127,'CALÇA ESPORTE FINO MASCULINA',1,128.90000000000000000000000000),(298,127,'BLUSA T-SHIRT ',1,44.900000000000000000000000000),(299,128,'SUTIÃ REFORÇADO',2,59.900000000000000000000000000),(300,128,'VESTIDO',1,88.90000000000000000000000000),(301,128,'SAIA EVANGELICA',1,89.90000000000000000000000000),(302,128,'CASASCO',1,89.90000000000000000000000000),(303,128,'BLUSA MALHA',4,39.900000000000000000000000000),(304,128,'BLUSA FEMININA',2,44.900000000000000000000000000),(305,128,'CINTO FEMININO',1,55.900000000000000000000000000),(306,128,'BLUSA FEMININ',1,31.000000000000000000000000000),(307,129,'SUTIÃO REFORÇADO',2,59.900000000000000000000000000),(308,129,'VESTIDO',1,88.90000000000000000000000000),(309,129,'SAIA EVANGÉLICA',1,89.90000000000000000000000000),(310,129,'CASACO',1,89.90000000000000000000000000),(311,129,'BLUSA FEMININA',4,39.900000000000000000000000000),(312,129,'BLUSA FEMININA',2,44.900000000000000000000000000),(313,129,'CINTO FEMININO',1,55.900000000000000000000000000),(314,129,'BLUSA FEMININA',1,31.000000000000000000000000000),(315,130,'SAIA JEANS EVANGÉLICA',1,74.900000000000000000000000000),(316,131,'CONJUNTO INFANTIL',1,59.900000000000000000000000000),(317,131,'BLUSA FEMININA',1,39.900000000000000000000000000),(318,131,'VESTIDO TECIDO',1,110.90000000000000000000000000),(319,132,'CALÇA JEANS MASCULINA',1,110.90000000000000000000000000),(320,132,'BATOM MATTE',1,9.900000000000000000000000000),(321,133,'PERFUME PORTINARI',1,169.90000000000000000000000000),(322,133,'XUXINHA',1,3.5000000000000000000000000000),(323,134,'BATOM CREMOSO',2,12.900000000000000000000000000),(324,134,'BATOM CREMOSO',1,9.900000000000000000000000000),(325,134,'ESPONJA',1,9.900000000000000000000000000),(326,134,'PALETA DE SOMBRA',1,22.900000000000000000000000000),(327,135,'HIDRADANTE',1,129.90000000000000000000000000),(328,135,'OLÉO AMEIXA',1,82.90000000000000000000000000),(329,135,'REFIL HIDRADANTE',1,94.90000000000000000000000000),(330,135,'DESODORANTE ',1,29.900000000000000000000000000),(331,135,'COLONIA SOPHIA',1,139.90000000000000000000000000),(332,136,'REFIL HIDRADANTE LILY',1,94.90000000000000000000000000),(333,136,'PROTETOR SOLAR 30 ',1,71.900000000000000000000000000),(334,137,'HIDRADANTE LILY',1,129.90000000000000000000000000),(335,137,'SABONETE LIQUIDO LILY',1,78.900000000000000000000000000),(336,137,'REFIL HIDRADANTE AMEIXA',1,44.900000000000000000000000000),(337,138,'GLOSS SOPHIA',1,19.900000000000000000000000000),(338,138,'SABONETE LIQUIDO INFANTIL',1,45.900000000000000000000000000),(339,139,'REFIL SHAMPOO ',1,17.900000000000000000000000000),(340,139,'REFIL CONDICIONADOR ',1,18.900000000000000000000000000),(341,139,'VESTIDO ',1,110.90000000000000000000000000),(342,139,'VESTIDO',1,88.90000000000000000000000000),(343,140,'BONECA',1,29.900000000000000000000000000),(344,141,'CONJUNTO INFANTIL',1,69.900000000000000000000000000),(345,142,'CONJUNTO INFANTIL',1,69.900000000000000000000000000),(346,142,'CAMISA ',1,54.900000000000000000000000000),(347,142,'VESTIDO',1,119.90000000000000000000000000),(348,142,'VESTIDO',1,84.90000000000000000000000000),(349,142,'VESTIDO',1,110.90000000000000000000000000),(350,143,'MEIA INFANTIL',9,5.9000000000000000000000000000),(351,143,'CASACO MALHA FEMININO',1,74.900000000000000000000000000),(352,143,'PIJAMA INFANTIL',3,43.900000000000000000000000000),(353,144,'PIJAMA INFANTIL',2,47.900000000000000000000000000),(354,144,'BERMUDA DE BRIM INFANTIL',1,59.900000000000000000000000000),(355,144,'CONJUNTO INFANTIL',1,87.90000000000000000000000000),(356,144,'BOLSA INFANTIL',1,54.900000000000000000000000000),(357,144,'GLOSS INFANTIL',1,15.900000000000000000000000000),(358,145,'CONJUNTO ACADEMIA',1,99.90000000000000000000000000),(359,145,'CALÇA ACADEMIA',1,74.900000000000000000000000000),(360,145,'CALÇA ACADEMIA',1,75.900000000000000000000000000),(361,146,'BRINCO FOLHEADO',1,68.900000000000000000000000000),(362,146,'CALCINHA',2,12.900000000000000000000000000),(363,146,'CALCINHA',2,10.900000000000000000000000000),(364,146,'DEMAQUILANTE',1,19.900000000000000000000000000),(365,146,'REFIL HIDRADANTE',1,54.900000000000000000000000000),(366,147,'VESTIDO LAYSE',1,169.90000000000000000000000000),(367,148,'VISEIRA',1,28.900000000000000000000000000),(368,148,'SHORT TECIDO',1,138.90000000000000000000000000),(369,148,'BLUSA FEMININA',1,39.900000000000000000000000000),(370,148,'CINTO FEMINO',1,28.900000000000000000000000000),(371,148,'PÓ COMPACTO',1,13.900000000000000000000000000),(372,149,'PERFUME MALBEC',1,179.90000000000000000000000000),(373,150,'PERFUME UOMINI',1,174.90000000000000000000000000),(374,150,'REGATA INFANTIL',1,19.900000000000000000000000000),(375,151,'VESTIDO ''',1,159.90000000000000000000000000),(376,151,'BLUSA TECIDO',1,54.900000000000000000000000000),(377,151,'CALÇA PANTACOURT',1,79.90000000000000000000000000),(378,152,'SHORT JEANS',2,89.90000000000000000000000000),(379,153,'BLUSA MALHA',1,39.900000000000000000000000000),(380,153,'BLUSAS',1,44.900000000000000000000000000),(381,153,'BLUSA FEMININA',1,59.900000000000000000000000000),(382,153,'TOP ACADEMIA',2,36.900000000000000000000000000),(383,153,'CUECA BOXE',3,10.000000000000000000000000000),(384,153,'CUECA BOXE',1,16.900000000000000000000000000),(385,153,'PIJAMA',2,42.900000000000000000000000000),(386,154,'VESTIDO INFANTIL',1,48.900000000000000000000000000),(387,154,'BRINQUEDO',1,29.900000000000000000000000000),(388,154,'PERFUME FLORATTA',1,149.90000000000000000000000000),(389,155,'CALÇA JEANS MASCULINA',1,88.90000000000000000000000000),(390,155,'CAMISA MASCULINA',2,74.900000000000000000000000000),(391,156,'PERFUME QUASAR',1,124.90000000000000000000000000),(392,157,'VESTIDO',1,110.90000000000000000000000000),(393,157,'BLUSA FEMINIA',1,33.900000000000000000000000000),(394,157,'BLUSA FEMININA',1,19.900000000000000000000000000),(395,157,'PERFUME FLORATTA BLUE',1,139.90000000000000000000000000),(396,158,'CONJUNTO INFANTIL',1,55.900000000000000000000000000),(397,158,'GLOSS INFANTIL ',1,15.900000000000000000000000000),(398,159,'BLUSA PARA PRESENTE DONA ELZA',1,44.900000000000000000000000000),(399,160,'DESSODORANTE',1,29.900000000000000000000000000),(400,160,'KIT HIDRADANTE COM SABONETE NATURA',1,42.000000000000000000000000000),(401,161,'KIT NATURA DIA DAS MAES',1,173.70000000000000000000000000),(402,161,'KIT HIDRATANTE NATURA',1,42.000000000000000000000000000),(403,162,'HIDRATANTE NATURA CEREJA',2,34.900000000000000000000000000),(404,163,'VESTIDO TECIDO',2,110.90000000000000000000000000),(405,163,'VESTIDO',1,84.90000000000000000000000000),(406,164,'PERFUME MALBEC',1,199.90000000000000000000000000),(407,164,'OLÉO BARBA',1,62.900000000000000000000000000),(408,164,'KIT BARBA',1,109.90000000000000000000000000),(409,165,'HIDRADANTE',1,76.900000000000000000000000000),(410,166,'DIFERENÇA DE TROCA',1,20.100000000000000000000000000),(411,167,'BRINCO FOLHEADO',1,108.40000000000000000000000000),(412,167,'BIQUINI',1,108.40000000000000000000000000),(413,168,'CALCINHA INF.',2,7.9000000000000000000000000000),(414,169,'CALCINHAS',1,56.000000000000000000000000000),(415,170,'ROUPA INFANTIL',1,62.800000000000000000000000000),(416,171,'CONJ. CALÇA E BLUSA',1,280.00000000000000000000000000),(417,172,'BLUSA TECIDO',1,68.000000000000000000000000000),(418,173,'KIT HIDRANTE BOTICARIO',1,76.900000000000000000000000000),(419,174,'KIT HIDRADANTE BOTICARIO',2,76.900000000000000000000000000),(420,175,'CALÇA JEANS MASCULINA',3,88.90000000000000000000000000),(421,176,'CALÇA JEANS INFANTIL',1,84.90000000000000000000000000),(422,176,'CONJUNTO INFANTIL MASCULINO',1,94.90000000000000000000000000),(423,177,'PERFUME PORTINARI',1,144.90000000000000000000000000),(424,178,'CAMISA SOCIAL',1,79.90000000000000000000000000),(425,179,'VESTIDO TECIDO''''',2,149.90000000000000000000000000),(426,180,'CAMISA MASCULINA',1,54.900000000000000000000000000),(427,180,'ESPONJA ',1,6.9000000000000000000000000000),(428,181,'VESTIDO INFANTIL',1,39.900000000000000000000000000),(429,181,'PÍJAMA INFANTIL',1,47.900000000000000000000000000),(430,182,'SUTIÃ TOP',2,33.900000000000000000000000000),(431,182,'CALCINHA',2,14.900000000000000000000000000),(432,182,'CALCINHA',1,16.900000000000000000000000000),(433,182,'CALCINHA',1,7.9000000000000000000000000000),(434,182,'HIDRADANTE BOTICARIO',1,76.900000000000000000000000000),(435,183,'BASE O BOTICARIO',1,144.90000000000000000000000000),(436,184,'BERMUDA JEANS',1,92.90000000000000000000000000),(437,184,'BERMUDA MASCULINA',1,97.90000000000000000000000000),(438,184,'BERMUDA MASCULINA',1,79.90000000000000000000000000),(439,184,'BLUSA FEMININA',1,44.900000000000000000000000000),(440,184,'CAIXA SABONETE NATURA',1,29.900000000000000000000000000),(441,185,'LÁPIS DE OLHO',1,8.900000000000000000000000000),(442,186,'CALÇA MASCULINA',1,129.90000000000000000000000000),(443,186,'CAMISA MASCULINA',1,54.900000000000000000000000000),(444,186,'CAMISA MASCULINA',1,59.900000000000000000000000000),(445,187,'BLUSA FEMININA',1,55.900000000000000000000000000),(446,188,'CAIXA DE SABONETE NATURA',1,29.900000000000000000000000000),(447,189,'VESTIDO ',2,149.90000000000000000000000000),(448,190,'KIT PINCEL',1,22.900000000000000000000000000),(449,190,'BLUSH ROSA',1,18.900000000000000000000000000),(450,190,'CARDIGAN',1,89.90000000000000000000000000),(451,190,'BLUSA FEMININA',1,39.900000000000000000000000000),(452,190,'CALÇA FEMININA',1,72.900000000000000000000000000),(453,191,'KIT PINCEL',1,22.900000000000000000000000000),(454,191,'BLUSH ROSADO',1,18.900000000000000000000000000),(455,191,'CARDIGAM',1,89.90000000000000000000000000),(456,191,'BLUSA FEMININA',1,39.900000000000000000000000000),(457,191,'CALÇA FEMININA',1,72.900000000000000000000000000),(458,192,'CONJUNTO INFANTIL',1,59.900000000000000000000000000),(459,192,'JARDINEIRA INFANTIL',1,89.90000000000000000000000000),(460,192,'BLUSA INFANTIL',1,29.900000000000000000000000000),(461,192,'BERMUDA MASCULINA',1,97.90000000000000000000000000),(462,192,'CAMISA MASCULNA',1,62.900000000000000000000000000),(463,192,'SHORT FEMININO',1,69.900000000000000000000000000),(464,192,'BLUSA FEMININA',1,59.900000000000000000000000000),(465,193,'PERFUME EGEO DOLCE',1,139.90000000000000000000000000),(466,193,'DES.EGEO DOLCE',1,35.900000000000000000000000000),(467,193,'PERFUME COFFEE SEDUCTION',1,194.90000000000000000000000000),(468,194,'CALÇA MOLETOM',2,83.90000000000000000000000000),(469,195,'XUXINHA',1,5.9000000000000000000000000000),(470,195,'PCT PRESILHA',1,18.900000000000000000000000000),(471,195,'CONJUNTO INFANTIL',1,59.900000000000000000000000000),(472,195,'PAR MEIA',1,5.9000000000000000000000000000),(473,195,'VESTIDO INFANTIL',1,44.900000000000000000000000000),(474,195,'VESTIDO INFANTIL',1,59.900000000000000000000000000),(475,195,'LÁPIS DE OLHO',1,8.900000000000000000000000000),(476,195,'LÁPIS DE SOBRANCELHA',1,12.900000000000000000000000000),(477,195,'PÓ COMPACTO',1,13.900000000000000000000000000),(478,196,'KIT MINI MAMÃE BEBÊ',1,89.90000000000000000000000000),(479,196,'SHAMPOO MAMAE BEBE',1,39.900000000000000000000000000),(480,196,'COND. MAMAE BEBE',1,39.900000000000000000000000000),(481,196,'BLUSA ACADEMIA',1,39.900000000000000000000000000),(482,196,'BRINCO FOLHEADO',1,40.900000000000000000000000000),(483,197,'BIQUINI INFANTIL',1,24.900000000000000000000000000),(484,197,'BIQUINI INFANTIL',1,59.900000000000000000000000000),(485,198,'CAMISA MASCULINA',1,74.900000000000000000000000000),(486,198,'CONJUNTO MOLETOM INF.',1,79.90000000000000000000000000),(487,198,'CASACO INFANTIL',1,79.90000000000000000000000000),(488,198,'LEGGING INF.',2,39.900000000000000000000000000),(489,198,'PIJAMA INF.',1,47.900000000000000000000000000),(490,198,'CONJUNTO INF.',1,89.90000000000000000000000000),(491,198,'PIJAMA INF.',1,39.900000000000000000000000000),(492,199,'DIFERENÇA DE TROCA',1,6.9000000000000000000000000000),(493,200,'CASACO ',1,64.900000000000000000000000000),(494,200,'CONJUNTO INF.',1,69.900000000000000000000000000),(495,200,'PIJAMA INF.',1,43.900000000000000000000000000),(496,200,'CONJUNTO INF,',1,79.90000000000000000000000000),(497,201,'BLUSA FEMININA',1,44.900000000000000000000000000),(498,202,'CAMISA INFANTIL',1,42.900000000000000000000000000),(499,202,'BERMUDA MOLETOM',1,49.900000000000000000000000000),(500,203,'VESTIDO TECIDO',1,119.90000000000000000000000000),(501,203,'CALÇA JEANS',1,119.90000000000000000000000000),(502,204,'VESTIDO ',1,92.90000000000000000000000000),(503,204,'BOLSA FEMININA',1,99.90000000000000000000000000),(504,205,'SHORT FEM.',1,69.900000000000000000000000000),(505,205,'SHORT FEMININO',1,77.900000000000000000000000000),(506,205,'BLUSA FEMININA',1,49.900000000000000000000000000),(507,205,'XUXA CABELO',2,5.9000000000000000000000000000),(508,205,'LAÇO CABELO',1,9.900000000000000000000000000),(509,206,'PORFUME MALBEC',1,199.90000000000000000000000000),(510,207,'FLORATTA RED',1,149.90000000000000000000000000),(511,208,'PERFUME UOMINI BLACK',1,174.90000000000000000000000000),(512,209,'DES. ROLL ON MALBEC',2,27.900000000000000000000000000),(513,210,'DES. ALGODÃO NATURA',1,28.900000000000000000000000000),(514,210,'DES. AEROSOL MELISSA',1,37.900000000000000000000000000),(515,211,'CAMISA MASCULINA',1,74.900000000000000000000000000),(516,211,'BABY DOLL',1,39.900000000000000000000000000),(517,211,'CUECA BOXE',2,18.900000000000000000000000000),(518,211,'SOMBRINHA',1,49.900000000000000000000000000),(519,211,'CAMISOLA',1,36.900000000000000000000000000),(520,212,'VESTIDO TECIDO',1,110.90000000000000000000000000),(521,213,'VESTIDO MALHA',1,84.90000000000000000000000000),(522,213,'CALCINHA',1,14.900000000000000000000000000),(523,213,'CALCINHA',1,24.900000000000000000000000000),(524,213,'CONJUNTO INFANTIL',1,79.90000000000000000000000000),(525,213,'CONJUNTO INFANTIL',1,99.90000000000000000000000000),(526,214,'PIJAMA INFANTIL',1,49.900000000000000000000000000),(527,214,'PIJAMA INFANTIL',1,59.900000000000000000000000000),(528,215,'HIDRADANTE NATURA',1,68.900000000000000000000000000),(529,216,'VESTIDO',1,69.900000000000000000000000000),(530,216,'VESTIDO',1,49.900000000000000000000000000),(531,216,'LEGGING',1,69.900000000000000000000000000),(532,216,'CALCINHA',4,23.900000000000000000000000000),(533,216,'CALCINHA',1,14.900000000000000000000000000),(534,217,'BODY BEBE',1,34.900000000000000000000000000),(535,217,'BONECA ',1,66.900000000000000000000000000),(536,217,'ROUPA BEBE',1,55.900000000000000000000000000),(537,217,'SOMBRINHA',1,49.900000000000000000000000000),(538,218,'BOLSA M',1,122.90000000000000000000000000),(539,218,'GLOSS INF,',1,15.900000000000000000000000000),(540,218,'SHORT MALHA',1,29.900000000000000000000000000),(541,218,'CONJUNTO INF.',1,89.90000000000000000000000000),(542,218,'VESTIDO INF.',1,89.90000000000000000000000000),(543,219,'PIJAMA INFANTIL',2,43.900000000000000000000000000),(544,219,'VESTIDO INF.',1,89.90000000000000000000000000),(545,220,'BASE FLUIDA',1,33.900000000000000000000000000),(546,220,'BLUSH ROSADO',1,18.900000000000000000000000000),(547,220,'LÁPIS OLHOS',1,8.900000000000000000000000000),(548,220,'LÁPIS SOBRANCELHA',1,13.900000000000000000000000000),(549,220,'PALETA DE SOMBRAS',1,22.900000000000000000000000000),(550,220,'BATOM N',1,9.900000000000000000000000000),(551,220,'ESPONJA',1,6.9000000000000000000000000000),(552,221,'VESTIDO INFANTIL',1,89.90000000000000000000000000),(553,221,'PALETA SOMBRAS BOTICARIO',1,79.90000000000000000000000000),(554,221,'MASCARA CILIOS BOTICARIO',1,37.900000000000000000000000000),(555,222,'KIT HIDRADANTE BOTICARIO',1,76.900000000000000000000000000),(556,223,'CONJUNTO COLAR/PULSEIRA INF.',1,9.900000000000000000000000000),(557,224,'VESTIDO',1,84.90000000000000000000000000),(558,224,'CALCINHA',1,14.900000000000000000000000000),(559,224,'CALCINHA ',1,24.900000000000000000000000000),(560,224,'CONJUNTO INFANTIL',1,79.90000000000000000000000000),(561,224,'CONJUNTO INFANTIL',1,99.90000000000000000000000000),(562,225,'SHORT JEANS FEMIN.',1,99.90000000000000000000000000),(563,226,'CAMISA XADREZ FEMIN.',1,80.90000000000000000000000000);
/*!40000 ALTER TABLE `ItemVendas` ENABLE KEYS */;

-- 
-- Definition of Parcelas
-- 

DROP TABLE IF EXISTS `Parcelas`;
CREATE TABLE IF NOT EXISTS `Parcelas` (
  `Id` int(11) NOT NULL AUTO_INCREMENT,
  `VendaId` int(11) NOT NULL,
  `NumeroParcela` int(11) NOT NULL,
  `Valor` decimal(10,2) NOT NULL,
  `DataVencimento` datetime(6) NOT NULL,
  `DataPagamento` datetime(6) NOT NULL,
  `Pago` tinyint(1) NOT NULL,
  `Historico` longtext NOT NULL,
  PRIMARY KEY (`Id`),
  KEY `IX_Parcelas_VendaId` (`VendaId`),
  CONSTRAINT `FK_Parcelas_Vendas_VendaId` FOREIGN KEY (`VendaId`) REFERENCES `Vendas` (`Id`) ON DELETE CASCADE
) ENGINE=InnoDB AUTO_INCREMENT=586 DEFAULT CHARSET=utf8mb4;

-- 
-- Dumping data for table Parcelas
-- 

/*!40000 ALTER TABLE `Parcelas` DISABLE KEYS */;
INSERT INTO `Parcelas`(`Id`,`VendaId`,`NumeroParcela`,`Valor`,`DataVencimento`,`DataPagamento`,`Pago`,`Historico`) VALUES(9,16,1,37.45,'2024-07-21 00:00:00.000000','2024-06-24 16:57:56.754362',1,'[\r\n  {\r\n    \"DataPagamento\": \"24/06/2024\",\r\n    \"Valor\": \"37,45\",\r\n    \"Juros\": \"0,2\",\r\n    \"Observacao\": null\r\n  }\r\n]'),(10,16,2,37.45,'2024-08-21 00:00:00.000000','2024-06-24 16:58:01.186044',1,'[\r\n  {\r\n    \"DataPagamento\": \"24/06/2024\",\r\n    \"Valor\": \"37,45\",\r\n    \"Juros\": \"0,2\",\r\n    \"Observacao\": null\r\n  }\r\n]'),(11,22,1,9.95,'2024-07-08 00:00:00.000000','2024-07-04 00:00:00.000000',0,'[\r\n  {\r\n    \"DataPagamento\": \"04/07/2024\",\r\n    \"Valor\": \"30,00\",\r\n    \"Juros\": \"0,2\",\r\n    \"Observacao\": null,\r\n    \"ValorAntigo\": 39.95\r\n  }\r\n]'),(12,22,2,39.95,'2024-08-08 00:00:00.000000','0001-01-01 00:00:00.000000',0,''),(13,23,1,110.83,'2024-07-08 00:00:00.000000','0001-01-01 00:00:00.000000',0,''),(14,23,2,110.83,'2024-08-08 00:00:00.000000','0001-01-01 00:00:00.000000',0,''),(15,23,3,110.83,'2024-09-08 00:00:00.000000','0001-01-01 00:00:00.000000',0,''),(16,23,4,110.83,'2024-10-08 00:00:00.000000','0001-01-01 00:00:00.000000',0,''),(17,24,1,69.95,'2024-07-18 00:00:00.000000','0001-01-01 00:00:00.000000',0,''),(18,24,2,69.95,'2024-08-18 00:00:00.000000','0001-01-01 00:00:00.000000',0,''),(19,24,3,69.95,'2024-09-18 00:00:00.000000','0001-01-01 00:00:00.000000',0,''),(20,24,4,69.95,'2024-10-18 00:00:00.000000','0001-01-01 00:00:00.000000',0,''),(21,26,1,100.30,'2024-07-18 00:00:00.000000','0001-01-01 00:00:00.000000',0,''),(22,26,2,100.30,'2024-08-18 00:00:00.000000','0001-01-01 00:00:00.000000',0,''),(23,27,1,59.90,'2024-07-18 00:00:00.000000','0001-01-01 00:00:00.000000',0,''),(24,28,1,89.93,'2024-07-18 00:00:00.000000','0001-01-01 00:00:00.000000',0,''),(25,28,2,89.93,'2024-08-18 00:00:00.000000','0001-01-01 00:00:00.000000',0,''),(26,28,3,89.93,'2024-09-18 00:00:00.000000','0001-01-01 00:00:00.000000',0,''),(27,28,4,89.93,'2024-10-18 00:00:00.000000','0001-01-01 00:00:00.000000',0,''),(28,29,1,38.45,'2024-07-18 00:00:00.000000','0001-01-01 00:00:00.000000',0,''),(29,29,2,38.45,'2024-08-18 00:00:00.000000','0001-01-01 00:00:00.000000',0,''),(30,30,1,49.97,'2024-07-08 00:00:00.000000','0001-01-01 00:00:00.000000',0,''),(31,30,2,49.97,'2024-08-08 00:00:00.000000','0001-01-01 00:00:00.000000',0,''),(32,30,3,49.97,'2024-09-08 00:00:00.000000','0001-01-01 00:00:00.000000',0,''),(33,31,1,53.93,'2024-07-18 00:00:00.000000','0001-01-01 00:00:00.000000',0,''),(34,31,2,53.93,'2024-08-18 00:00:00.000000','0001-01-01 00:00:00.000000',0,''),(35,31,3,53.93,'2024-09-18 00:00:00.000000','0001-01-01 00:00:00.000000',0,''),(36,32,1,163.65,'2024-06-25 00:00:00.000000','0001-01-01 00:00:00.000000',0,''),(37,32,2,163.65,'2024-07-25 00:00:00.000000','0001-01-01 00:00:00.000000',0,''),(38,32,3,163.65,'2024-08-25 00:00:00.000000','0001-01-01 00:00:00.000000',0,''),(39,32,4,163.65,'2024-09-25 00:00:00.000000','0001-01-01 00:00:00.000000',0,''),(40,33,1,63.70,'2024-07-18 00:00:00.000000','0001-01-01 00:00:00.000000',0,''),(41,33,2,63.70,'2024-08-18 00:00:00.000000','0001-01-01 00:00:00.000000',0,''),(42,33,3,63.70,'2024-09-18 00:00:00.000000','0001-01-01 00:00:00.000000',0,''),(43,33,4,63.70,'2024-10-18 00:00:00.000000','0001-01-01 00:00:00.000000',0,''),(44,34,1,38.45,'2024-07-25 00:00:00.000000','0001-01-01 00:00:00.000000',0,''),(45,34,2,38.45,'2024-08-25 00:00:00.000000','0001-01-01 00:00:00.000000',0,''),(46,35,1,61.85,'2024-07-19 00:00:00.000000','0001-01-01 00:00:00.000000',0,''),(47,35,2,61.85,'2024-08-19 00:00:00.000000','0001-01-01 00:00:00.000000',0,''),(48,36,1,39.90,'2024-07-19 00:00:00.000000','0001-01-01 00:00:00.000000',0,''),(49,36,2,39.90,'2024-08-19 00:00:00.000000','0001-01-01 00:00:00.000000',0,''),(50,37,1,62.45,'2024-07-19 00:00:00.000000','0001-01-01 00:00:00.000000',0,''),(51,37,2,62.45,'2024-08-19 00:00:00.000000','0001-01-01 00:00:00.000000',0,''),(52,37,3,62.45,'2024-09-19 00:00:00.000000','0001-01-01 00:00:00.000000',0,''),(53,37,4,62.45,'2024-10-19 00:00:00.000000','0001-01-01 00:00:00.000000',0,''),(54,38,1,27.45,'2024-07-20 00:00:00.000000','0001-01-01 00:00:00.000000',0,''),(55,38,2,27.45,'2024-08-20 00:00:00.000000','0001-01-01 00:00:00.000000',0,''),(56,39,1,59.95,'2024-07-19 00:00:00.000000','0001-01-01 00:00:00.000000',0,''),(57,39,2,59.95,'2024-08-19 00:00:00.000000','0001-01-01 00:00:00.000000',0,''),(58,40,1,39.95,'0001-02-01 00:00:00.000000','0001-01-01 00:00:00.000000',0,''),(59,40,2,39.95,'0001-03-01 00:00:00.000000','0001-01-01 00:00:00.000000',0,''),(60,41,1,45.50,'2024-07-19 00:00:00.000000','0001-01-01 00:00:00.000000',0,''),(61,41,2,45.50,'2024-08-19 00:00:00.000000','0001-01-01 00:00:00.000000',0,''),(62,41,3,45.50,'2024-09-19 00:00:00.000000','0001-01-01 00:00:00.000000',0,''),(63,42,1,33.57,'2024-07-19 00:00:00.000000','2024-07-05 00:00:00.000000',0,'[\r\n  {\r\n    \"DataPagamento\": \"05/07/2024\",\r\n    \"Valor\": \"6,33\",\r\n    \"Juros\": \"0,2\",\r\n    \"Observacao\": null,\r\n    \"ValorAntigo\": 39.90\r\n  }\r\n]'),(64,43,1,38.90,'2024-07-19 00:00:00.000000','0001-01-01 00:00:00.000000',0,''),(65,43,2,38.90,'2024-08-19 00:00:00.000000','0001-01-01 00:00:00.000000',0,''),(66,44,1,46.63,'2024-07-19 00:00:00.000000','0001-01-01 00:00:00.000000',0,''),(67,44,2,46.63,'2024-08-19 00:00:00.000000','0001-01-01 00:00:00.000000',0,''),(68,44,3,46.63,'2024-09-19 00:00:00.000000','0001-01-01 00:00:00.000000',0,''),(69,45,1,23.90,'2024-07-19 00:00:00.000000','0001-01-01 00:00:00.000000',0,''),(70,46,1,76.90,'2024-07-20 00:00:00.000000','0001-01-01 00:00:00.000000',0,''),(71,46,2,76.90,'2024-08-20 00:00:00.000000','0001-01-01 00:00:00.000000',0,''),(72,47,1,57.93,'2024-07-21 00:00:00.000000','0001-01-01 00:00:00.000000',0,''),(73,47,2,57.93,'2024-08-21 00:00:00.000000','0001-01-01 00:00:00.000000',0,''),(74,47,3,57.93,'2024-09-21 00:00:00.000000','0001-01-01 00:00:00.000000',0,''),(75,48,1,39.95,'2024-07-22 00:00:00.000000','0001-01-01 00:00:00.000000',0,''),(76,48,2,39.95,'2024-08-22 00:00:00.000000','0001-01-01 00:00:00.000000',0,''),(77,49,1,93.83,'2024-07-22 00:00:00.000000','0001-01-01 00:00:00.000000',0,''),(78,49,2,93.83,'2024-08-22 00:00:00.000000','0001-01-01 00:00:00.000000',0,''),(79,49,3,93.83,'2024-09-22 00:00:00.000000','0001-01-01 00:00:00.000000',0,''),(80,49,4,93.83,'2024-10-22 00:00:00.000000','0001-01-01 00:00:00.000000',0,''),(81,50,1,0.00,'2024-07-25 00:00:00.000000','2024-07-04 00:00:00.000000',1,'[\r\n  {\r\n    \"DataPagamento\": \"04/07/2024\",\r\n    \"Valor\": \"53,80\",\r\n    \"Juros\": \"0,2\",\r\n    \"Observacao\": null,\r\n    \"ValorAntigo\": 53.80\r\n  }\r\n]'),(82,51,1,44.90,'2024-07-25 00:00:00.000000','0001-01-01 00:00:00.000000',0,''),(83,51,2,44.90,'2024-08-25 00:00:00.000000','0001-01-01 00:00:00.000000',0,''),(84,52,1,0.01,'2024-06-18 00:00:00.000000','2024-06-25 16:39:54.757166',0,'[\r\n  {\r\n    \"DataPagamento\": \"25/06/2024\",\r\n    \"Valor\": \"66,83\",\r\n    \"Juros\": \"0,2\",\r\n    \"Observacao\": null\r\n  },\r\n  {\r\n    \"DataPagamento\": \"25/06/2024\",\r\n    \"Valor\": \"0,94\",\r\n    \"Juros\": \"0,2\",\r\n    \"Observacao\": null\r\n  }\r\n]'),(85,52,2,0.03,'2024-07-18 00:00:00.000000','0001-01-01 00:00:00.000000',0,'[\r\n  {\r\n    \"DataPagamento\": \"25/06/2024\",\r\n    \"Valor\": \"65,88\",\r\n    \"Juros\": \"0,2\",\r\n    \"Observacao\": \"REALIZADO AUTOMATICAMENTE COM RESTANTE DO PAGAMENTO DA PRESTAÇÃO\"\r\n  },\r\n  {\r\n    \"DataPagamento\": \"25/06/2024\",\r\n    \"Valor\": \"0,93\",\r\n    \"Juros\": \"0,2\",\r\n    \"Observacao\": \"REALIZADO AUTOMATICAMENTE COM RESTANTE DO PAGAMENTO DA PRESTAÇÃO\"\r\n  }\r\n]'),(86,52,3,1.01,'2024-08-18 00:00:00.000000','0001-01-01 00:00:00.000000',0,'[\r\n  {\r\n    \"DataPagamento\": \"25/06/2024\",\r\n    \"Valor\": \"64,92\",\r\n    \"Juros\": \"0,2\",\r\n    \"Observacao\": \"REALIZADO AUTOMATICAMENTE COM RESTANTE DO PAGAMENTO DA PRESTAÇÃO\"\r\n  },\r\n  {\r\n    \"DataPagamento\": \"25/06/2024\",\r\n    \"Valor\": \"0,90\",\r\n    \"Juros\": \"0,2\",\r\n    \"Observacao\": \"REALIZADO AUTOMATICAMENTE COM RESTANTE DO PAGAMENTO DA PRESTAÇÃO\"\r\n  }\r\n]'),(87,53,1,33.33,'2024-07-25 00:00:00.000000','2024-06-25 16:55:35.730801',1,'[\r\n  {\r\n    \"DataPagamento\": \"25/06/2024\",\r\n    \"Valor\": \"33,33\",\r\n    \"Juros\": \"0,2\",\r\n    \"Observacao\": null\r\n  }\r\n]'),(88,53,2,3.33,'2024-08-25 00:00:00.000000','2024-06-25 16:55:47.866557',0,'[\r\n  {\r\n    \"DataPagamento\": \"25/06/2024\",\r\n    \"Valor\": \"30,00\",\r\n    \"Juros\": \"0,2\",\r\n    \"Observacao\": null\r\n  }\r\n]'),(89,53,3,6.67,'2024-09-25 00:00:00.000000','0001-01-01 00:00:00.000000',0,'[\r\n  {\r\n    \"DataPagamento\": \"25/06/2024\",\r\n    \"Valor\": \"26,67\",\r\n    \"Juros\": \"0,2\",\r\n    \"Observacao\": \"REALIZADO AUTOMATICAMENTE COM RESTANTE DO PAGAMENTO DA PRESTAÇÃO\"\r\n  }\r\n]'),(90,54,1,0.00,'2024-06-18 00:00:00.000000','2024-06-26 11:38:22.197434',1,'[\r\n  {\r\n    \"DataPagamento\": \"26/06/2024\",\r\n    \"Valor\": \"67,90\",\r\n    \"Juros\": \"0\",\r\n    \"Observacao\": null\r\n  }\r\n]'),(91,54,2,0.00,'2024-07-18 00:00:00.000000','2024-06-26 11:38:50.521346',1,'[\r\n  {\r\n    \"DataPagamento\": \"25/06/2024\",\r\n    \"Valor\": \"66,83\",\r\n    \"Juros\": \"0,2\",\r\n    \"Observacao\": null\r\n  }\r\n]'),(92,54,3,66.83,'2024-08-18 00:00:00.000000','0001-01-01 00:00:00.000000',0,''),(93,55,1,10.00,'2024-07-25 00:00:00.000000','2024-06-25 16:57:25.743088',0,'[\r\n  {\r\n    \"DataPagamento\": \"25/06/2024\",\r\n    \"Valor\": \"40,00\",\r\n    \"Juros\": \"0,2\",\r\n    \"Observacao\": null\r\n  }\r\n]'),(94,55,2,20.00,'2024-08-25 00:00:00.000000','0001-01-01 00:00:00.000000',0,'[\r\n  {\r\n    \"DataPagamento\": \"25/06/2024\",\r\n    \"Valor\": \"30,00\",\r\n    \"Juros\": \"0,2\",\r\n    \"Observacao\": \"REALIZADO AUTOMATICAMENTE COM RESTANTE DO PAGAMENTO DA PRESTAÇÃO\"\r\n  }\r\n]'),(95,56,1,0.00,'2024-07-25 00:00:00.000000','2024-07-06 00:00:00.000000',1,'[\r\n  {\r\n    \"DataPagamento\": \"06/07/2024\",\r\n    \"Valor\": \"44,90\",\r\n    \"Juros\": \"0,2\",\r\n    \"Observacao\": null,\r\n    \"ValorAntigo\": 44.90\r\n  }\r\n]'),(96,56,2,44.90,'2024-08-25 00:00:00.000000','0001-01-01 00:00:00.000000',0,''),(97,59,1,0.00,'2024-03-26 00:00:00.000000','2024-06-26 11:12:50.682551',1,'[\r\n  {\r\n    \"DataPagamento\": \"26/06/2024\",\r\n    \"Valor\": \"956,74\",\r\n    \"Juros\": \"0,2\",\r\n    \"Observacao\": null\r\n  }\r\n]'),(98,59,2,0.00,'2024-04-26 00:00:00.000000','0001-01-01 00:00:00.000000',1,'[\r\n  {\r\n    \"DataPagamento\": \"26/06/2024\",\r\n    \"Valor\": \"808,06\",\r\n    \"Juros\": \"0,2\",\r\n    \"Observacao\": \"REALIZADO AUTOMATICAMENTE COM RESTANTE DO PAGAMENTO DA PRESTAÇÃO\"\r\n  }\r\n]'),(99,59,3,0.00,'2024-05-26 00:00:00.000000','2024-06-26 11:13:08.789988',1,'[\r\n  {\r\n    \"DataPagamento\": \"26/06/2024\",\r\n    \"Valor\": \"858,16\",\r\n    \"Juros\": \"0,2\",\r\n    \"Observacao\": null\r\n  }\r\n]'),(100,59,4,0.00,'2024-06-26 00:00:00.000000','0001-01-01 00:00:00.000000',1,'[\r\n  {\r\n    \"DataPagamento\": \"26/06/2024\",\r\n    \"Valor\": \"808,06\",\r\n    \"Juros\": \"0,2\",\r\n    \"Observacao\": \"REALIZADO AUTOMATICAMENTE COM RESTANTE DO PAGAMENTO DA PRESTAÇÃO\"\r\n  }\r\n]'),(101,60,1,0.00,'2024-03-26 00:00:00.000000','2024-06-26 11:21:35.200616',1,'[\r\n  {\r\n    \"DataPagamento\": \"26/06/2024\",\r\n    \"Valor\": \"102,62\",\r\n    \"Juros\": \"0,2\",\r\n    \"Observacao\": null\r\n  }\r\n]'),(102,60,2,7.24,'2024-04-26 00:00:00.000000','2024-06-26 11:21:47.152067',0,'[\r\n  {\r\n    \"DataPagamento\": \"26/06/2024\",\r\n    \"Valor\": \"90,00\",\r\n    \"Juros\": \"0,2\",\r\n    \"Observacao\": null\r\n  }\r\n]'),(103,60,3,86.67,'2024-05-26 00:00:00.000000','0001-01-01 00:00:00.000000',0,''),(104,60,4,86.67,'2024-06-26 00:00:00.000000','0001-01-01 00:00:00.000000',0,''),(105,60,5,86.67,'2024-07-26 00:00:00.000000','0001-01-01 00:00:00.000000',0,''),(106,62,1,66.83,'2024-06-18 00:00:00.000000','0001-01-01 00:00:00.000000',0,''),(107,62,2,66.83,'2024-07-18 00:00:00.000000','0001-01-01 00:00:00.000000',0,''),(108,62,3,66.83,'2024-08-18 00:00:00.000000','0001-01-01 00:00:00.000000',0,''),(109,63,1,0.00,'2024-06-27 00:00:00.000000','2024-06-28 00:00:00.000000',1,'[\r\n  {\r\n    \"DataPagamento\": \"28/06/2024\",\r\n    \"Valor\": \"50,74\",\r\n    \"Juros\": \"0,2\",\r\n    \"Observacao\": null,\r\n    \"ValorAntigo\": 50.74\r\n  },\r\n  {\r\n    \"DataPagamento\": \"28/06/2024\",\r\n    \"Valor\": \"0,10\",\r\n    \"Juros\": \"0,2\",\r\n    \"Observacao\": null,\r\n    \"ValorAntigo\": 0.10\r\n  }\r\n]'),(110,63,2,0.00,'2024-07-27 00:00:00.000000','2024-06-28 00:00:00.000000',1,'[\r\n  {\r\n    \"DataPagamento\": \"28/06/2024\",\r\n    \"Valor\": \"50,74\",\r\n    \"Juros\": \"0,2\",\r\n    \"Observacao\": null,\r\n    \"ValorAntigo\": 50.74\r\n  }\r\n]'),(111,63,3,50.74,'2024-08-27 00:00:00.000000','0001-01-01 00:00:00.000000',0,''),(112,63,4,50.74,'2024-09-27 00:00:00.000000','0001-01-01 00:00:00.000000',0,''),(113,63,5,50.74,'2024-10-27 00:00:00.000000','0001-01-01 00:00:00.000000',0,''),(114,64,1,0.00,'2024-04-04 00:00:00.000000','2024-06-26 13:24:05.570898',1,'[\r\n  {\r\n    \"DataPagamento\": \"01/04/2024\",\r\n    \"Valor\": \"103,87\",\r\n    \"Juros\": \"0,2\",\r\n    \"Observacao\": null\r\n  }\r\n]'),(115,64,2,0.00,'2024-05-04 00:00:00.000000','2024-06-26 13:24:29.383005',1,'[\r\n  {\r\n    \"DataPagamento\": \"03/05/2024\",\r\n    \"Valor\": \"98,52\",\r\n    \"Juros\": \"0,2\",\r\n    \"Observacao\": null\r\n  }\r\n]'),(116,64,3,0.00,'2024-06-04 00:00:00.000000','2024-06-26 13:24:51.666683',1,'[\r\n  {\r\n    \"DataPagamento\": \"08/06/2024\",\r\n    \"Valor\": \"93,00\",\r\n    \"Juros\": \"0,2\",\r\n    \"Observacao\": null\r\n  }\r\n]'),(117,64,4,89.08,'2024-07-04 00:00:00.000000','0001-01-01 00:00:00.000000',0,''),(118,65,1,0.00,'2024-05-01 00:00:00.000000','2024-06-26 13:27:14.257497',1,'[\r\n  {\r\n    \"DataPagamento\": \"03/05/2024\",\r\n    \"Valor\": \"57,41\",\r\n    \"Juros\": \"0,2\",\r\n    \"Observacao\": null\r\n  }\r\n]'),(119,65,2,0.00,'2024-06-01 00:00:00.000000','2024-06-26 13:27:26.474043',1,'[\r\n  {\r\n    \"DataPagamento\": \"03/06/2024\",\r\n    \"Valor\": \"54,21\",\r\n    \"Juros\": \"0,2\",\r\n    \"Observacao\": null\r\n  }\r\n]'),(120,65,3,51.63,'2024-07-01 00:00:00.000000','0001-01-01 00:00:00.000000',0,''),(121,66,1,0.00,'2024-06-03 00:00:00.000000','2024-06-26 13:30:43.182257',1,'[\r\n  {\r\n    \"DataPagamento\": \"03/06/2024\",\r\n    \"Valor\": \"141,03\",\r\n    \"Juros\": \"0,2\",\r\n    \"Observacao\": null\r\n  }\r\n]'),(122,66,2,134.83,'2024-07-03 00:00:00.000000','0001-01-01 00:00:00.000000',0,''),(123,66,3,134.83,'2024-08-03 00:00:00.000000','0001-01-01 00:00:00.000000',0,''),(124,66,4,134.83,'2024-09-03 00:00:00.000000','0001-01-01 00:00:00.000000',0,''),(125,67,1,98.10,'2024-07-03 00:00:00.000000','0001-01-01 00:00:00.000000',0,''),(126,67,2,98.10,'2024-08-03 00:00:00.000000','0001-01-01 00:00:00.000000',0,''),(127,67,3,98.10,'2024-09-03 00:00:00.000000','0001-01-01 00:00:00.000000',0,''),(128,67,4,98.10,'2024-10-03 00:00:00.000000','0001-01-01 00:00:00.000000',0,''),(129,68,1,0.00,'2024-04-28 00:00:00.000000','2024-06-26 13:36:48.894882',1,'[\r\n  {\r\n    \"DataPagamento\": \"27/04/2024\",\r\n    \"Valor\": \"74,79\",\r\n    \"Juros\": \"0,2\",\r\n    \"Observacao\": null\r\n  }\r\n]'),(130,68,2,0.00,'2024-05-28 00:00:00.000000','2024-06-26 13:37:12.721574',1,'[\r\n  {\r\n    \"DataPagamento\": \"28/05/2024\",\r\n    \"Valor\": \"70,78\",\r\n    \"Juros\": \"0,2\",\r\n    \"Observacao\": null\r\n  }\r\n]'),(131,68,3,66.90,'2024-06-28 00:00:00.000000','0001-01-01 00:00:00.000000',0,''),(132,68,4,66.90,'2024-07-28 00:00:00.000000','0001-01-01 00:00:00.000000',0,''),(133,69,1,0.00,'2024-06-11 00:00:00.000000','2024-07-02 00:00:00.000000',1,'[\r\n  {\r\n    \"DataPagamento\": \"02/07/2024\",\r\n    \"Valor\": \"59,01\",\r\n    \"Juros\": \"0,2\",\r\n    \"Observacao\": null,\r\n    \"ValorAntigo\": 56.63\r\n  }\r\n]'),(134,69,2,0.00,'2024-07-11 00:00:00.000000','2024-07-02 00:00:00.000000',1,'[\r\n  {\r\n    \"DataPagamento\": \"02/07/2024\",\r\n    \"Valor\": \"56,63\",\r\n    \"Juros\": \"0,2\",\r\n    \"Observacao\": null,\r\n    \"ValorAntigo\": 56.63\r\n  }\r\n]'),(135,69,3,0.00,'2024-08-11 00:00:00.000000','2024-07-02 00:00:00.000000',1,'[\r\n  {\r\n    \"DataPagamento\": \"02/07/2024\",\r\n    \"Valor\": \"56,63\",\r\n    \"Juros\": \"0,2\",\r\n    \"Observacao\": null,\r\n    \"ValorAntigo\": 56.63\r\n  }\r\n]'),(136,70,1,0.00,'2024-06-15 00:00:00.000000','2024-06-26 13:45:27.362823',1,'[\r\n  {\r\n    \"DataPagamento\": \"31/05/2024\",\r\n    \"Valor\": \"68,10\",\r\n    \"Juros\": \"0,2\",\r\n    \"Observacao\": null\r\n  }\r\n]'),(137,70,2,0.00,'2024-07-15 00:00:00.000000','2024-07-02 00:00:00.000000',1,'[\r\n  {\r\n    \"DataPagamento\": \"26/06/2024\",\r\n    \"Valor\": \"8,37\",\r\n    \"Juros\": \"0,2\",\r\n    \"Observacao\": null,\r\n    \"ValorAntigo\": 0.0\r\n  },\r\n  {\r\n    \"DataPagamento\": \"02/07/2024\",\r\n    \"Valor\": \"58,26\",\r\n    \"Juros\": \"0,2\",\r\n    \"Observacao\": null,\r\n    \"ValorAntigo\": 58.26\r\n  }\r\n]'),(138,70,3,0.00,'2024-08-15 00:00:00.000000','2024-07-02 00:00:00.000000',1,'[\r\n  {\r\n    \"DataPagamento\": \"02/07/2024\",\r\n    \"Valor\": \"66,63\",\r\n    \"Juros\": \"0,2\",\r\n    \"Observacao\": null,\r\n    \"ValorAntigo\": 66.63\r\n  }\r\n]'),(139,71,1,0.00,'2024-01-27 00:00:00.000000','2024-06-26 13:52:17.577476',1,'[\r\n  {\r\n    \"DataPagamento\": \"20/06/2024\",\r\n    \"Valor\": \"70,24\",\r\n    \"Juros\": \"0,2\",\r\n    \"Observacao\": null\r\n  }\r\n]'),(140,71,2,0.00,'2024-02-27 00:00:00.000000','2024-06-26 13:52:40.625926',1,'[\r\n  {\r\n    \"DataPagamento\": \"20/06/2024\",\r\n    \"Valor\": \"66,90\",\r\n    \"Juros\": \"0,2\",\r\n    \"Observacao\": null\r\n  }\r\n]'),(141,71,3,53.95,'2024-03-27 00:00:00.000000','0001-01-01 00:00:00.000000',0,''),(142,71,4,53.95,'2024-04-27 00:00:00.000000','0001-01-01 00:00:00.000000',0,''),(143,72,1,0.00,'2024-01-26 00:00:00.000000','2024-06-26 13:59:21.123923',1,'[\r\n  {\r\n    \"DataPagamento\": \"08/02/2024\",\r\n    \"Valor\": \"185,95\",\r\n    \"Juros\": \"0,2\",\r\n    \"Observacao\": null\r\n  }\r\n]'),(144,72,2,0.00,'2024-02-26 00:00:00.000000','2024-06-26 13:59:38.822907',1,'[\r\n  {\r\n    \"DataPagamento\": \"05/03/2024\",\r\n    \"Valor\": \"177,11\",\r\n    \"Juros\": \"0,2\",\r\n    \"Observacao\": null\r\n  }\r\n]'),(145,72,3,0.00,'2024-03-26 00:00:00.000000','2024-06-26 13:59:55.979908',1,'[\r\n  {\r\n    \"DataPagamento\": \"20/05/2024\",\r\n    \"Valor\": \"168,84\",\r\n    \"Juros\": \"0,2\",\r\n    \"Observacao\": null\r\n  }\r\n]'),(146,72,4,120.23,'2024-04-26 00:00:00.000000','2024-06-26 14:00:32.161486',0,'[\r\n  {\r\n    \"DataPagamento\": \"20/06/2024\",\r\n    \"Valor\": \"39,77\",\r\n    \"Juros\": \"0,2\",\r\n    \"Observacao\": null\r\n  }\r\n]'),(147,72,5,142.60,'2024-05-26 00:00:00.000000','0001-01-01 00:00:00.000000',0,''),(148,73,1,0.00,'2024-05-02 00:00:00.000000','2024-06-26 14:03:38.087534',1,'[\r\n  {\r\n    \"DataPagamento\": \"07/05/2024\",\r\n    \"Valor\": \"75,09\",\r\n    \"Juros\": \"0,2\",\r\n    \"Observacao\": null\r\n  }\r\n]'),(149,73,2,0.00,'2024-06-02 00:00:00.000000','2024-06-26 14:03:49.511860',1,'[\r\n  {\r\n    \"DataPagamento\": \"04/06/2024\",\r\n    \"Valor\": \"70,90\",\r\n    \"Juros\": \"0,2\",\r\n    \"Observacao\": null\r\n  }\r\n]'),(150,73,3,67.65,'2024-07-02 00:00:00.000000','0001-01-01 00:00:00.000000',0,''),(151,73,4,67.65,'2024-08-02 00:00:00.000000','0001-01-01 00:00:00.000000',0,''),(152,74,1,49.95,'2024-07-12 00:00:00.000000','0001-01-01 00:00:00.000000',0,''),(153,74,2,49.95,'2024-08-12 00:00:00.000000','0001-01-01 00:00:00.000000',0,''),(154,75,1,11.90,'2024-06-06 00:00:00.000000','0001-01-01 00:00:00.000000',0,''),(155,76,1,0.00,'2024-06-10 00:00:00.000000','2024-07-06 00:00:00.000000',1,'[\r\n  {\r\n    \"DataPagamento\": \"06/07/2024\",\r\n    \"Valor\": \"50,92\",\r\n    \"Juros\": \"0,2\",\r\n    \"Observacao\": null,\r\n    \"ValorAntigo\": 48.40\r\n  }\r\n]'),(156,76,2,0.00,'2024-07-10 00:00:00.000000','2024-07-06 00:00:00.000000',1,'[\r\n  {\r\n    \"DataPagamento\": \"06/07/2024\",\r\n    \"Valor\": \"48,40\",\r\n    \"Juros\": \"0,2\",\r\n    \"Observacao\": null,\r\n    \"ValorAntigo\": 48.40\r\n  }\r\n]'),(157,77,1,68.57,'2024-07-06 00:00:00.000000','0001-01-01 00:00:00.000000',0,''),(158,77,2,68.57,'2024-08-06 00:00:00.000000','0001-01-01 00:00:00.000000',0,''),(159,77,3,68.57,'2024-09-06 00:00:00.000000','0001-01-01 00:00:00.000000',0,''),(160,78,1,60.93,'2024-07-06 00:00:00.000000','0001-01-01 00:00:00.000000',0,''),(161,78,2,60.93,'2024-08-06 00:00:00.000000','0001-01-01 00:00:00.000000',0,''),(162,78,3,60.93,'2024-09-06 00:00:00.000000','0001-01-01 00:00:00.000000',0,''),(163,78,4,60.93,'2024-10-06 00:00:00.000000','0001-01-01 00:00:00.000000',0,''),(164,79,1,0.00,'2024-07-13 00:00:00.000000','2024-07-06 00:00:00.000000',1,'[\r\n  {\r\n    \"DataPagamento\": \"06/07/2024\",\r\n    \"Valor\": \"54,90\",\r\n    \"Juros\": \"0,2\",\r\n    \"Observacao\": null,\r\n    \"ValorAntigo\": 54.90\r\n  }\r\n]'),(165,79,2,54.90,'2024-08-13 00:00:00.000000','0001-01-01 00:00:00.000000',0,''),(166,80,1,49.90,'2024-07-15 00:00:00.000000','0001-01-01 00:00:00.000000',0,''),(167,81,1,38.45,'2024-07-18 00:00:00.000000','0001-01-01 00:00:00.000000',0,''),(168,81,2,38.45,'2024-08-18 00:00:00.000000','0001-01-01 00:00:00.000000',0,''),(169,82,1,59.95,'2024-07-29 00:00:00.000000','0001-01-01 00:00:00.000000',0,''),(170,82,2,59.95,'2024-08-29 00:00:00.000000','0001-01-01 00:00:00.000000',0,''),(171,82,3,59.95,'2024-09-29 00:00:00.000000','0001-01-01 00:00:00.000000',0,''),(172,82,4,59.95,'2024-10-29 00:00:00.000000','0001-01-01 00:00:00.000000',0,''),(173,83,1,59.95,'2022-07-29 00:00:00.000000','0001-01-01 00:00:00.000000',0,''),(174,83,2,59.95,'2022-08-29 00:00:00.000000','0001-01-01 00:00:00.000000',0,''),(175,83,3,59.95,'2022-09-29 00:00:00.000000','0001-01-01 00:00:00.000000',0,''),(176,83,4,59.95,'2022-10-29 00:00:00.000000','0001-01-01 00:00:00.000000',0,''),(177,84,1,58.27,'2022-08-13 00:00:00.000000','0001-01-01 00:00:00.000000',0,''),(178,84,2,58.27,'2022-09-13 00:00:00.000000','0001-01-01 00:00:00.000000',0,''),(179,84,3,58.27,'2022-10-13 00:00:00.000000','0001-01-01 00:00:00.000000',0,''),(180,85,1,138.00,'2022-02-11 00:00:00.000000','0001-01-01 00:00:00.000000',0,''),(181,85,2,138.00,'2022-03-11 00:00:00.000000','0001-01-01 00:00:00.000000',0,''),(182,85,3,138.00,'2022-04-11 00:00:00.000000','0001-01-01 00:00:00.000000',0,''),(183,85,4,138.00,'2022-05-11 00:00:00.000000','0001-01-01 00:00:00.000000',0,''),(184,86,1,0.00,'2024-03-08 00:00:00.000000','2024-06-26 14:29:35.702891',1,'[\r\n  {\r\n    \"DataPagamento\": \"03/04/2024\",\r\n    \"Valor\": \"68,14\",\r\n    \"Juros\": \"0,2\",\r\n    \"Observacao\": null\r\n  }\r\n]'),(185,86,2,0.00,'2024-04-08 00:00:00.000000','2024-06-26 14:29:47.539162',1,'[\r\n  {\r\n    \"DataPagamento\": \"09/04/2024\",\r\n    \"Valor\": \"64,67\",\r\n    \"Juros\": \"0,2\",\r\n    \"Observacao\": null\r\n  }\r\n]'),(186,86,3,0.00,'2024-05-08 00:00:00.000000','2024-06-26 14:29:59.420266',1,'[\r\n  {\r\n    \"DataPagamento\": \"06/05/2024\",\r\n    \"Valor\": \"61,32\",\r\n    \"Juros\": \"0,2\",\r\n    \"Observacao\": null\r\n  }\r\n]'),(187,86,4,55.85,'2024-06-08 00:00:00.000000','0001-01-01 00:00:00.000000',0,''),(188,87,1,0.00,'2024-04-18 00:00:00.000000','2024-06-26 14:32:07.334230',1,'[\r\n  {\r\n    \"DataPagamento\": \"18/04/2024\",\r\n    \"Valor\": \"41,65\",\r\n    \"Juros\": \"0,2\",\r\n    \"Observacao\": null\r\n  }\r\n]'),(189,87,2,36.60,'2024-05-18 00:00:00.000000','0001-01-01 00:00:00.000000',0,''),(190,87,3,36.60,'2024-06-18 00:00:00.000000','0001-01-01 00:00:00.000000',0,''),(191,88,1,57.43,'2024-05-12 00:00:00.000000','0001-01-01 00:00:00.000000',0,''),(192,88,2,57.43,'2024-06-12 00:00:00.000000','0001-01-01 00:00:00.000000',0,''),(193,88,3,57.43,'2024-07-12 00:00:00.000000','0001-01-01 00:00:00.000000',0,''),(194,88,4,57.43,'2024-08-12 00:00:00.000000','0001-01-01 00:00:00.000000',0,''),(195,89,1,0.00,'2024-05-27 00:00:00.000000','2024-06-26 14:42:29.965469',1,'[\r\n  {\r\n    \"DataPagamento\": \"24/05/2024\",\r\n    \"Valor\": \"124,92\",\r\n    \"Juros\": \"0,2\",\r\n    \"Observacao\": null\r\n  }\r\n]'),(196,89,2,0.00,'2024-06-27 00:00:00.000000','2024-06-26 14:43:03.917972',1,'[\r\n  {\r\n    \"DataPagamento\": \"24/06/2024\",\r\n    \"Valor\": \"117,85\",\r\n    \"Juros\": \"0,2\",\r\n    \"Observacao\": null\r\n  }\r\n]'),(197,89,3,117.85,'2024-07-27 00:00:00.000000','0001-01-01 00:00:00.000000',0,''),(198,89,4,117.85,'2024-08-27 00:00:00.000000','0001-01-01 00:00:00.000000',0,''),(199,91,1,0.00,'2023-01-01 00:00:00.000000','2024-06-26 15:17:24.850699',1,'[\r\n  {\r\n    \"DataPagamento\": \"22/03/2023\",\r\n    \"Valor\": \"194,29\",\r\n    \"Juros\": \"0,2\",\r\n    \"Observacao\": null\r\n  }\r\n]'),(200,91,2,96.61,'2023-02-01 00:00:00.000000','2024-06-26 15:17:56.577354',0,'[\r\n  {\r\n    \"DataPagamento\": \"22/03/2023\",\r\n    \"Valor\": \"91,90\",\r\n    \"Juros\": \"0,2\",\r\n    \"Observacao\": null\r\n  }\r\n]'),(201,91,3,93.23,'2023-03-01 00:00:00.000000','0001-01-01 00:00:00.000000',0,''),(202,92,1,0.00,'2024-04-11 00:00:00.000000','2024-06-26 15:19:32.193940',1,'[\r\n  {\r\n    \"DataPagamento\": \"20/05/2024\",\r\n    \"Valor\": \"63,34\",\r\n    \"Juros\": \"0,2\",\r\n    \"Observacao\": null\r\n  }\r\n]'),(203,92,2,0.00,'2024-05-11 00:00:00.000000','2024-06-26 15:19:46.491801',1,'[\r\n  {\r\n    \"DataPagamento\": \"20/05/2024\",\r\n    \"Valor\": \"60,04\",\r\n    \"Juros\": \"0,2\",\r\n    \"Observacao\": null\r\n  }\r\n]'),(204,92,3,54.98,'2024-06-11 00:00:00.000000','0001-01-01 00:00:00.000000',0,''),(205,92,4,54.98,'2024-07-11 00:00:00.000000','0001-01-01 00:00:00.000000',0,''),(206,93,1,0.00,'2024-04-22 00:00:00.000000','2024-06-26 15:22:20.474837',1,'[\r\n  {\r\n    \"DataPagamento\": \"20/05/2024\",\r\n    \"Valor\": \"50,23\",\r\n    \"Juros\": \"0,2\",\r\n    \"Observacao\": null\r\n  }\r\n]'),(207,93,2,44.45,'2024-05-22 00:00:00.000000','0001-01-01 00:00:00.000000',0,''),(208,94,1,29.50,'2024-06-27 00:00:00.000000','0001-01-01 00:00:00.000000',0,''),(209,95,1,0.00,'2024-01-18 00:00:00.000000','2024-06-26 15:32:48.092603',1,'[\r\n  {\r\n    \"DataPagamento\": \"19/01/2024\",\r\n    \"Valor\": \"163,32\",\r\n    \"Juros\": \"0,2\",\r\n    \"Observacao\": null\r\n  }\r\n]'),(210,95,2,0.00,'2024-02-18 00:00:00.000000','2024-06-26 15:33:03.302233',1,'[\r\n  {\r\n    \"DataPagamento\": \"20/02/2024\",\r\n    \"Valor\": \"155,65\",\r\n    \"Juros\": \"0,2\",\r\n    \"Observacao\": null\r\n  }\r\n]'),(211,95,3,0.00,'2024-03-18 00:00:00.000000','2024-06-26 15:33:14.462026',1,'[\r\n  {\r\n    \"DataPagamento\": \"18/04/2024\",\r\n    \"Valor\": \"148,48\",\r\n    \"Juros\": \"0,2\",\r\n    \"Observacao\": null\r\n  }\r\n]'),(212,95,4,123.73,'2024-04-18 00:00:00.000000','0001-01-01 00:00:00.000000',0,''),(213,95,5,123.73,'2024-05-18 00:00:00.000000','0001-01-01 00:00:00.000000',0,''),(214,95,6,123.73,'2024-06-18 00:00:00.000000','0001-01-01 00:00:00.000000',0,''),(215,96,1,24.50,'2024-03-20 00:00:00.000000','0001-01-01 00:00:00.000000',0,''),(216,96,2,24.50,'2024-04-20 00:00:00.000000','0001-01-01 00:00:00.000000',0,''),(217,96,3,24.50,'2024-05-20 00:00:00.000000','0001-01-01 00:00:00.000000',0,''),(218,97,1,8.90,'2024-05-18 00:00:00.000000','0001-01-01 00:00:00.000000',0,''),(219,98,1,0.00,'2024-06-16 00:00:00.000000','2024-06-26 16:47:03.067724',1,'[\r\n  {\r\n    \"DataPagamento\": \"06/06/2024\",\r\n    \"Valor\": \"98,21\",\r\n    \"Juros\": \"0,2\",\r\n    \"Observacao\": null\r\n  }\r\n]'),(220,98,2,0.00,'2024-07-16 00:00:00.000000','2024-06-26 16:47:31.307154',1,'[\r\n  {\r\n    \"DataPagamento\": \"06/06/2024\",\r\n    \"Valor\": \"96,28\",\r\n    \"Juros\": \"0,2\",\r\n    \"Observacao\": null\r\n  }\r\n]'),(221,98,3,96.28,'2024-08-16 00:00:00.000000','0001-01-01 00:00:00.000000',0,''),(222,98,4,96.28,'2024-09-16 00:00:00.000000','0001-01-01 00:00:00.000000',0,''),(223,99,1,81.50,'2024-07-06 00:00:00.000000','0001-01-01 00:00:00.000000',0,''),(224,99,2,81.50,'2024-08-06 00:00:00.000000','0001-01-01 00:00:00.000000',0,''),(225,99,3,81.50,'2024-09-06 00:00:00.000000','0001-01-01 00:00:00.000000',0,''),(226,100,1,0.00,'2024-06-08 00:00:00.000000','2024-06-26 16:50:52.764675',1,'[\r\n  {\r\n    \"DataPagamento\": \"26/06/2024\",\r\n    \"Valor\": \"51,77\",\r\n    \"Juros\": \"0,2\",\r\n    \"Observacao\": null\r\n  }\r\n]'),(227,100,2,49.97,'2024-07-08 00:00:00.000000','0001-01-01 00:00:00.000000',0,''),(228,100,3,49.97,'2024-08-08 00:00:00.000000','0001-01-01 00:00:00.000000',0,''),(229,101,1,0.00,'2024-06-10 00:00:00.000000','2024-06-26 16:53:03.938721',1,'[\r\n  {\r\n    \"DataPagamento\": \"29/05/2024\",\r\n    \"Valor\": \"30,93\",\r\n    \"Juros\": \"0,2\",\r\n    \"Observacao\": null\r\n  }\r\n]'),(230,101,2,0.00,'2024-07-10 00:00:00.000000','2024-06-26 16:53:17.175070',1,'[\r\n  {\r\n    \"DataPagamento\": \"21/06/2024\",\r\n    \"Valor\": \"29,97\",\r\n    \"Juros\": \"0,2\",\r\n    \"Observacao\": null\r\n  }\r\n]'),(231,101,3,29.97,'2024-08-10 00:00:00.000000','0001-01-01 00:00:00.000000',0,''),(232,102,1,0.00,'2024-04-22 00:00:00.000000','2024-06-26 16:56:10.425535',1,'[\r\n  {\r\n    \"DataPagamento\": \"19/04/2024\",\r\n    \"Valor\": \"98,76\",\r\n    \"Juros\": \"0,2\",\r\n    \"Observacao\": null\r\n  }\r\n]'),(233,102,2,0.00,'2024-05-22 00:00:00.000000','2024-06-28 00:00:00.000000',1,'[\r\n  {\r\n    \"DataPagamento\": \"28/06/2024\",\r\n    \"Valor\": \"93,87\",\r\n    \"Juros\": \"0,2\",\r\n    \"Observacao\": \"FEZ O PAGAMENTO VIA PIX\",\r\n    \"ValorAntigo\": 87.40\r\n  }\r\n]'),(234,102,3,87.40,'2024-06-22 00:00:00.000000','0001-01-01 00:00:00.000000',0,''),(235,102,4,87.40,'2024-07-22 00:00:00.000000','0001-01-01 00:00:00.000000',0,''),(236,103,1,151.13,'2024-07-22 00:00:00.000000','0001-01-01 00:00:00.000000',0,''),(237,103,2,151.13,'2024-08-22 00:00:00.000000','0001-01-01 00:00:00.000000',0,''),(238,103,3,151.13,'2024-09-22 00:00:00.000000','0001-01-01 00:00:00.000000',0,''),(239,103,4,151.13,'2024-10-22 00:00:00.000000','0001-01-01 00:00:00.000000',0,''),(240,104,1,0.00,'2024-05-05 00:00:00.000000','2024-06-26 17:01:01.671227',1,'[\r\n  {\r\n    \"DataPagamento\": \"06/05/2024\",\r\n    \"Valor\": \"84,57\",\r\n    \"Juros\": \"0,2\",\r\n    \"Observacao\": null\r\n  }\r\n]'),(241,104,2,0.00,'2024-06-05 00:00:00.000000','2024-06-26 17:01:26.413507',1,'[\r\n  {\r\n    \"DataPagamento\": \"06/06/2024\",\r\n    \"Valor\": \"79,82\",\r\n    \"Juros\": \"0,2\",\r\n    \"Observacao\": null\r\n  }\r\n]'),(242,104,3,76.60,'2024-07-05 00:00:00.000000','0001-01-01 00:00:00.000000',0,''),(243,105,1,0.00,'2024-05-23 00:00:00.000000','2024-06-26 17:03:06.902135',1,'[\r\n  {\r\n    \"DataPagamento\": \"24/05/2024\",\r\n    \"Valor\": \"53,38\",\r\n    \"Juros\": \"0,2\",\r\n    \"Observacao\": null\r\n  }\r\n]'),(244,105,2,0.00,'2024-06-23 00:00:00.000000','2024-06-26 17:03:39.884141',1,'[\r\n  {\r\n    \"DataPagamento\": \"24/06/2024\",\r\n    \"Valor\": \"50,28\",\r\n    \"Juros\": \"0,2\",\r\n    \"Observacao\": null\r\n  }\r\n]'),(245,105,3,49.98,'2024-07-23 00:00:00.000000','0001-01-01 00:00:00.000000',0,''),(246,105,4,49.98,'2024-08-23 00:00:00.000000','0001-01-01 00:00:00.000000',0,''),(247,106,1,131.65,'2024-06-24 00:00:00.000000','0001-01-01 00:00:00.000000',0,''),(248,106,2,131.65,'2024-07-24 00:00:00.000000','0001-01-01 00:00:00.000000',0,''),(249,106,3,131.65,'2024-08-24 00:00:00.000000','0001-01-01 00:00:00.000000',0,''),(250,106,4,131.65,'2024-09-24 00:00:00.000000','0001-01-01 00:00:00.000000',0,''),(251,107,1,100.18,'2024-07-07 00:00:00.000000','0001-01-01 00:00:00.000000',0,''),(252,107,2,100.18,'2024-08-07 00:00:00.000000','0001-01-01 00:00:00.000000',0,''),(253,107,3,100.18,'2024-09-07 00:00:00.000000','0001-01-01 00:00:00.000000',0,''),(254,107,4,100.18,'2024-10-07 00:00:00.000000','0001-01-01 00:00:00.000000',0,''),(255,108,1,101.40,'2022-04-26 00:00:00.000000','0001-01-01 00:00:00.000000',0,''),(256,108,2,101.40,'2022-05-26 00:00:00.000000','0001-01-01 00:00:00.000000',0,''),(257,108,3,101.40,'2022-06-26 00:00:00.000000','0001-01-01 00:00:00.000000',0,''),(258,109,1,0.00,'2024-05-12 00:00:00.000000','2024-06-26 17:13:24.401137',1,'[\r\n  {\r\n    \"DataPagamento\": \"26/06/2024\",\r\n    \"Valor\": \"86,00\",\r\n    \"Juros\": \"0,2\",\r\n    \"Observacao\": null\r\n  }\r\n]'),(259,109,2,0.00,'2024-06-12 00:00:00.000000','2024-06-26 17:13:31.406291',1,'[\r\n  {\r\n    \"DataPagamento\": \"26/06/2024\",\r\n    \"Valor\": \"81,11\",\r\n    \"Juros\": \"0,2\",\r\n    \"Observacao\": null\r\n  }\r\n]'),(260,109,3,36.70,'2024-07-12 00:00:00.000000','2024-06-26 17:14:12.424398',0,'[\r\n  {\r\n    \"DataPagamento\": \"26/06/2024\",\r\n    \"Valor\": \"42,20\",\r\n    \"Juros\": \"0,2\",\r\n    \"Observacao\": null\r\n  }\r\n]'),(261,109,4,78.90,'2024-08-12 00:00:00.000000','0001-01-01 00:00:00.000000',0,''),(262,110,1,40.89,'2023-12-30 00:00:00.000000','2024-06-26 17:18:02.337719',0,'[\r\n  {\r\n    \"DataPagamento\": \"22/05/2024\",\r\n    \"Valor\": \"50,00\",\r\n    \"Juros\": \"0,2\",\r\n    \"Observacao\": null\r\n  }\r\n]'),(263,110,2,66.93,'2024-01-30 00:00:00.000000','0001-01-01 00:00:00.000000',0,''),(264,110,3,66.93,'2024-02-29 00:00:00.000000','0001-01-01 00:00:00.000000',0,''),(265,110,4,66.93,'2024-03-30 00:00:00.000000','0001-01-01 00:00:00.000000',0,''),(266,111,1,0.00,'2024-04-28 00:00:00.000000','2024-06-26 17:20:46.471362',1,'[\r\n  {\r\n    \"DataPagamento\": \"27/04/2024\",\r\n    \"Valor\": \"63,28\",\r\n    \"Juros\": \"0,2\",\r\n    \"Observacao\": null\r\n  }\r\n]'),(267,111,2,0.00,'2024-05-28 00:00:00.000000','2024-06-26 17:20:57.205342',1,'[\r\n  {\r\n    \"DataPagamento\": \"06/06/2024\",\r\n    \"Valor\": \"59,88\",\r\n    \"Juros\": \"0,2\",\r\n    \"Observacao\": null\r\n  }\r\n]'),(268,111,3,0.00,'2024-06-28 00:00:00.000000','2024-06-29 00:00:00.000000',1,'[\r\n  {\r\n    \"DataPagamento\": \"29/06/2024\",\r\n    \"Valor\": \"56,60\",\r\n    \"Juros\": \"0,2\",\r\n    \"Observacao\": null,\r\n    \"ValorAntigo\": 56.60\r\n  }\r\n]'),(269,112,1,0.00,'2024-04-28 00:00:00.000000','2024-06-26 17:26:40.669083',1,'[\r\n  {\r\n    \"DataPagamento\": \"07/05/2024\",\r\n    \"Valor\": \"44,69\",\r\n    \"Juros\": \"0,2\",\r\n    \"Observacao\": null\r\n  }\r\n]'),(270,112,2,39.97,'2024-05-28 00:00:00.000000','0001-01-01 00:00:00.000000',0,''),(271,112,3,39.97,'2024-06-28 00:00:00.000000','0001-01-01 00:00:00.000000',0,''),(272,113,1,0.00,'2024-05-11 00:00:00.000000','2024-06-26 17:29:15.567391',1,'[\r\n  {\r\n    \"DataPagamento\": \"29/04/2024\",\r\n    \"Valor\": \"89,98\",\r\n    \"Juros\": \"0,2\",\r\n    \"Observacao\": null\r\n  }\r\n]'),(273,113,2,0.00,'2024-06-11 00:00:00.000000','2024-06-26 17:29:28.455891',1,'[\r\n  {\r\n    \"DataPagamento\": \"25/05/2024\",\r\n    \"Valor\": \"84,87\",\r\n    \"Juros\": \"0,2\",\r\n    \"Observacao\": null\r\n  }\r\n]'),(274,113,3,82.40,'2024-07-11 00:00:00.000000','0001-01-01 00:00:00.000000',0,''),(275,113,4,82.40,'2024-08-11 00:00:00.000000','0001-01-01 00:00:00.000000',0,''),(276,114,1,0.00,'2024-05-20 00:00:00.000000','2024-06-26 17:31:24.818263',1,'[\r\n  {\r\n    \"DataPagamento\": \"16/05/2024\",\r\n    \"Valor\": \"53,67\",\r\n    \"Juros\": \"0,2\",\r\n    \"Observacao\": null\r\n  }\r\n]'),(277,114,2,49.97,'2024-06-20 00:00:00.000000','0001-01-01 00:00:00.000000',0,''),(278,114,3,49.97,'2024-07-20 00:00:00.000000','0001-01-01 00:00:00.000000',0,''),(279,115,1,66.57,'2024-07-15 00:00:00.000000','0001-01-01 00:00:00.000000',0,''),(280,115,2,66.57,'2024-08-15 00:00:00.000000','0001-01-01 00:00:00.000000',0,''),(281,115,3,66.57,'2024-09-15 00:00:00.000000','0001-01-01 00:00:00.000000',0,''),(282,116,1,0.00,'2024-06-06 00:00:00.000000','2024-06-26 17:55:34.704330',1,'[\r\n  {\r\n    \"DataPagamento\": \"06/06/2024\",\r\n    \"Valor\": \"46,75\",\r\n    \"Juros\": \"0,2\",\r\n    \"Observacao\": null\r\n  }\r\n]'),(283,116,2,44.95,'2024-07-06 00:00:00.000000','0001-01-01 00:00:00.000000',0,''),(284,117,1,41.60,'2024-07-03 00:00:00.000000','0001-01-01 00:00:00.000000',0,''),(285,117,2,41.60,'2024-08-03 00:00:00.000000','0001-01-01 00:00:00.000000',0,''),(286,117,3,41.60,'2024-09-03 00:00:00.000000','0001-01-01 00:00:00.000000',0,''),(287,118,1,0.00,'2024-04-28 00:00:00.000000','2024-06-26 18:00:50.594730',1,'[\r\n  {\r\n    \"DataPagamento\": \"06/06/2024\",\r\n    \"Valor\": \"72,33\",\r\n    \"Juros\": \"0,2\",\r\n    \"Observacao\": null\r\n  }\r\n]'),(288,118,2,0.00,'2024-05-28 00:00:00.000000','2024-06-26 18:01:06.324106',1,'[\r\n  {\r\n    \"DataPagamento\": \"06/06/2024\",\r\n    \"Valor\": \"68,45\",\r\n    \"Juros\": \"0,2\",\r\n    \"Observacao\": null\r\n  }\r\n]'),(289,118,3,0.00,'2024-06-28 00:00:00.000000','2024-06-26 18:01:41.860918',1,'[\r\n  {\r\n    \"DataPagamento\": \"26/06/2024\",\r\n    \"Valor\": \"64,70\",\r\n    \"Juros\": \"0,2\",\r\n    \"Observacao\": null\r\n  }\r\n]'),(290,118,4,8.80,'2024-07-28 00:00:00.000000','2024-06-26 18:07:36.393273',0,'[\r\n  {\r\n    \"DataPagamento\": \"06/06/2024\",\r\n    \"Valor\": \"55,90\",\r\n    \"Juros\": \"0,2\",\r\n    \"Observacao\": null\r\n  }\r\n]'),(291,119,1,80.15,'2024-01-14 00:00:00.000000','0001-01-01 00:00:00.000000',0,''),(292,119,2,80.15,'2024-02-14 00:00:00.000000','0001-01-01 00:00:00.000000',0,''),(293,119,3,80.15,'2024-03-14 00:00:00.000000','0001-01-01 00:00:00.000000',0,''),(294,119,4,80.15,'2024-04-14 00:00:00.000000','0001-01-01 00:00:00.000000',0,''),(295,120,1,39.90,'2024-07-04 00:00:00.000000','0001-01-01 00:00:00.000000',0,''),(296,120,2,39.90,'2024-08-04 00:00:00.000000','0001-01-01 00:00:00.000000',0,''),(297,121,1,66.55,'2024-07-13 00:00:00.000000','0001-01-01 00:00:00.000000',0,''),(298,121,2,66.55,'2024-08-13 00:00:00.000000','0001-01-01 00:00:00.000000',0,''),(299,121,3,66.55,'2024-09-13 00:00:00.000000','0001-01-01 00:00:00.000000',0,''),(300,121,4,66.55,'2024-10-13 00:00:00.000000','0001-01-01 00:00:00.000000',0,''),(301,122,1,37.53,'2024-07-25 00:00:00.000000','0001-01-01 00:00:00.000000',0,''),(302,122,2,37.53,'2024-08-25 00:00:00.000000','0001-01-01 00:00:00.000000',0,''),(303,122,3,37.53,'2024-09-25 00:00:00.000000','0001-01-01 00:00:00.000000',0,''),(304,124,1,6.77,'2024-07-27 00:00:00.000000','2024-06-27 00:00:00.000000',0,'[\r\n  {\r\n    \"DataPagamento\": \"27/06/2024\",\r\n    \"Valor\": \"1,00\",\r\n    \"Juros\": \"0,2\",\r\n    \"Observacao\": null,\r\n    \"ValorAntigo\": 7.77\r\n  }\r\n]'),(305,124,2,7.77,'2024-08-27 00:00:00.000000','0001-01-01 00:00:00.000000',0,''),(306,124,3,7.77,'2024-09-27 00:00:00.000000','0001-01-01 00:00:00.000000',0,''),(307,125,1,0.00,'2024-04-30 00:00:00.000000','2024-05-04 00:00:00.000000',1,'[\r\n  {\r\n    \"DataPagamento\": \"04/05/2024\",\r\n    \"Valor\": \"76,57\",\r\n    \"Juros\": \"0,2\",\r\n    \"Observacao\": null,\r\n    \"ValorAntigo\": 75.96\r\n  }\r\n]'),(308,125,2,0.00,'2024-05-30 00:00:00.000000','2024-06-15 00:00:00.000000',1,'[\r\n  {\r\n    \"DataPagamento\": \"15/06/2024\",\r\n    \"Valor\": \"78,39\",\r\n    \"Juros\": \"0,2\",\r\n    \"Observacao\": null,\r\n    \"ValorAntigo\": 75.96\r\n  }\r\n]'),(309,125,3,75.96,'2024-06-30 00:00:00.000000','0001-01-01 00:00:00.000000',0,''),(310,125,4,75.96,'2024-07-30 00:00:00.000000','0001-01-01 00:00:00.000000',0,''),(311,125,5,75.96,'2024-08-30 00:00:00.000000','0001-01-01 00:00:00.000000',0,''),(312,126,1,92.92,'2024-07-15 00:00:00.000000','0001-01-01 00:00:00.000000',0,''),(313,126,2,92.92,'2024-08-15 00:00:00.000000','0001-01-01 00:00:00.000000',0,''),(314,126,3,92.92,'2024-09-15 00:00:00.000000','0001-01-01 00:00:00.000000',0,''),(315,126,4,92.92,'2024-10-15 00:00:00.000000','0001-01-01 00:00:00.000000',0,''),(316,126,5,92.92,'2024-11-15 00:00:00.000000','0001-01-01 00:00:00.000000',0,''),(317,127,1,57.93,'2024-07-21 00:00:00.000000','0001-01-01 00:00:00.000000',0,''),(318,127,2,57.93,'2024-08-21 00:00:00.000000','0001-01-01 00:00:00.000000',0,''),(319,127,3,57.93,'2024-09-21 00:00:00.000000','0001-01-01 00:00:00.000000',0,''),(320,128,1,0.00,'2023-03-22 00:00:00.000000','2024-01-23 00:00:00.000000',1,'[\r\n  {\r\n    \"DataPagamento\": \"23/01/2024\",\r\n    \"Valor\": \"233,97\",\r\n    \"Juros\": \"0,2\",\r\n    \"Observacao\": null,\r\n    \"ValorAntigo\": 144.96\r\n  }\r\n]'),(321,128,2,0.00,'2023-04-22 00:00:00.000000','2024-02-09 00:00:00.000000',1,'[\r\n  {\r\n    \"DataPagamento\": \"09/02/2024\",\r\n    \"Valor\": \"229,91\",\r\n    \"Juros\": \"0,2\",\r\n    \"Observacao\": null,\r\n    \"ValorAntigo\": 144.96\r\n  }\r\n]'),(322,128,3,0.00,'2023-05-22 00:00:00.000000','2024-03-22 00:00:00.000000',1,'[\r\n  {\r\n    \"DataPagamento\": \"22/03/2024\",\r\n    \"Valor\": \"233,39\",\r\n    \"Juros\": \"0,2\",\r\n    \"Observacao\": null,\r\n    \"ValorAntigo\": 144.96\r\n  }\r\n]'),(323,128,4,0.00,'2023-06-22 00:00:00.000000','2024-06-22 00:00:00.000000',1,'[\r\n  {\r\n    \"DataPagamento\": \"22/06/2024\",\r\n    \"Valor\": \"251,07\",\r\n    \"Juros\": \"0,2\",\r\n    \"Observacao\": null,\r\n    \"ValorAntigo\": 144.96\r\n  }\r\n]'),(324,128,5,144.96,'2023-07-22 00:00:00.000000','0001-01-01 00:00:00.000000',0,''),(325,129,1,0.00,'2023-07-22 00:00:00.000000','2024-06-27 00:00:00.000000',1,'[\r\n  {\r\n    \"DataPagamento\": \"27/06/2024\",\r\n    \"Valor\": \"243,82\",\r\n    \"Juros\": \"0,2\",\r\n    \"Observacao\": null,\r\n    \"ValorAntigo\": 144.96\r\n  }\r\n]'),(326,129,2,0.00,'2023-08-22 00:00:00.000000','2024-06-27 00:00:00.000000',1,'[\r\n  {\r\n    \"DataPagamento\": \"27/06/2024\",\r\n    \"Valor\": \"234,84\",\r\n    \"Juros\": \"0,2\",\r\n    \"Observacao\": null,\r\n    \"ValorAntigo\": 144.96\r\n  }\r\n]'),(327,129,3,0.00,'2023-09-22 00:00:00.000000','2024-03-22 00:00:00.000000',1,'[\r\n  {\r\n    \"DataPagamento\": \"22/03/2024\",\r\n    \"Valor\": \"197,73\",\r\n    \"Juros\": \"0,2\",\r\n    \"Observacao\": null,\r\n    \"ValorAntigo\": 144.96\r\n  }\r\n]'),(328,129,4,0.00,'2023-10-22 00:00:00.000000','2024-06-22 00:00:00.000000',1,'[\r\n  {\r\n    \"DataPagamento\": \"22/06/2024\",\r\n    \"Valor\": \"215,70\",\r\n    \"Juros\": \"0,2\",\r\n    \"Observacao\": null,\r\n    \"ValorAntigo\": 144.96\r\n  }\r\n]'),(329,129,5,144.96,'2023-11-22 00:00:00.000000','0001-01-01 00:00:00.000000',0,''),(330,130,1,0.00,'2024-06-16 00:00:00.000000','2024-06-22 00:00:00.000000',1,'[\r\n  {\r\n    \"DataPagamento\": \"22/06/2024\",\r\n    \"Valor\": \"37,90\",\r\n    \"Juros\": \"0,2\",\r\n    \"Observacao\": null,\r\n    \"ValorAntigo\": 37.45\r\n  }\r\n]'),(331,130,2,37.45,'2024-07-16 00:00:00.000000','2024-07-04 00:00:00.000000',0,'[]'),(332,131,1,0.00,'2024-04-20 00:00:00.000000','2024-04-10 00:00:00.000000',1,'[\r\n  {\r\n    \"DataPagamento\": \"10/04/2024\",\r\n    \"Valor\": \"52,68\",\r\n    \"Juros\": \"0,2\",\r\n    \"Observacao\": null,\r\n    \"ValorAntigo\": 52.68\r\n  }\r\n]'),(333,131,2,0.00,'2024-05-20 00:00:00.000000','2024-05-08 00:00:00.000000',1,'[\r\n  {\r\n    \"DataPagamento\": \"08/05/2024\",\r\n    \"Valor\": \"52,68\",\r\n    \"Juros\": \"0,2\",\r\n    \"Observacao\": null,\r\n    \"ValorAntigo\": 52.68\r\n  }\r\n]'),(334,131,3,0.00,'2024-06-20 00:00:00.000000','2024-06-11 00:00:00.000000',1,'[\r\n  {\r\n    \"DataPagamento\": \"11/06/2024\",\r\n    \"Valor\": \"52,68\",\r\n    \"Juros\": \"0,2\",\r\n    \"Observacao\": null,\r\n    \"ValorAntigo\": 52.68\r\n  }\r\n]'),(335,131,4,52.68,'2024-07-20 00:00:00.000000','0001-01-01 00:00:00.000000',0,''),(336,132,1,0.00,'2024-05-22 00:00:00.000000','2024-05-08 00:00:00.000000',1,'[\r\n  {\r\n    \"DataPagamento\": \"08/05/2024\",\r\n    \"Valor\": \"40,27\",\r\n    \"Juros\": \"0,2\",\r\n    \"Observacao\": null,\r\n    \"ValorAntigo\": 40.27\r\n  }\r\n]'),(337,132,2,0.00,'2024-06-22 00:00:00.000000','2024-06-11 00:00:00.000000',1,'[\r\n  {\r\n    \"DataPagamento\": \"11/06/2024\",\r\n    \"Valor\": \"40,27\",\r\n    \"Juros\": \"0,2\",\r\n    \"Observacao\": null,\r\n    \"ValorAntigo\": 40.27\r\n  }\r\n]'),(338,132,3,40.27,'2024-07-22 00:00:00.000000','0001-01-01 00:00:00.000000',0,''),(339,133,1,43.35,'2024-07-11 00:00:00.000000','0001-01-01 00:00:00.000000',0,''),(340,133,2,43.35,'2024-08-11 00:00:00.000000','0001-01-01 00:00:00.000000',0,''),(341,133,3,43.35,'2024-09-11 00:00:00.000000','0001-01-01 00:00:00.000000',0,''),(342,133,4,43.35,'2024-10-11 00:00:00.000000','0001-01-01 00:00:00.000000',0,''),(343,134,1,0.00,'2024-06-10 00:00:00.000000','0001-01-01 00:00:00.000000',1,'[\r\n  {\r\n    \"DataPagamento\": \"01/01/0001\",\r\n    \"Valor\": \"34,25\",\r\n    \"Juros\": \"0,2\",\r\n    \"Observacao\": null,\r\n    \"ValorAntigo\": 34.25\r\n  }\r\n]'),(344,134,2,0.00,'2024-07-10 00:00:00.000000','2024-07-03 00:00:00.000000',1,'[\r\n  {\r\n    \"DataPagamento\": \"03/07/2024\",\r\n    \"Valor\": \"34,25\",\r\n    \"Juros\": \"0,2\",\r\n    \"Observacao\": null,\r\n    \"ValorAntigo\": 34.25\r\n  }\r\n]'),(345,135,1,0.00,'2024-01-19 00:00:00.000000','2024-01-07 00:00:00.000000',1,'[\r\n  {\r\n    \"DataPagamento\": \"29/12/2023\",\r\n    \"Valor\": \"48,00\",\r\n    \"Juros\": \"0,2\",\r\n    \"Observacao\": null,\r\n    \"ValorAntigo\": 119.38\r\n  },\r\n  {\r\n    \"DataPagamento\": \"07/01/2024\",\r\n    \"Valor\": \"71,38\",\r\n    \"Juros\": \"0,2\",\r\n    \"Observacao\": null,\r\n    \"ValorAntigo\": 71.38\r\n  }\r\n]'),(346,135,2,0.00,'2024-02-19 00:00:00.000000','2024-03-06 00:00:00.000000',1,'[\r\n  {\r\n    \"DataPagamento\": \"07/01/2024\",\r\n    \"Valor\": \"28,62\",\r\n    \"Juros\": \"0,2\",\r\n    \"Observacao\": null,\r\n    \"ValorAntigo\": 119.38\r\n  },\r\n  {\r\n    \"DataPagamento\": \"06/03/2024\",\r\n    \"Valor\": \"93,66\",\r\n    \"Juros\": \"0,2\",\r\n    \"Observacao\": null,\r\n    \"ValorAntigo\": 90.76\r\n  }\r\n]'),(347,135,3,49.64,'2024-03-19 00:00:00.000000','2024-06-08 00:00:00.000000',0,'[\r\n  {\r\n    \"DataPagamento\": \"06/03/2024\",\r\n    \"Valor\": \"6,34\",\r\n    \"Juros\": \"0,2\",\r\n    \"Observacao\": null,\r\n    \"ValorAntigo\": 119.38\r\n  },\r\n  {\r\n    \"DataPagamento\": \"06/04/2024\",\r\n    \"Valor\": \"39,85\",\r\n    \"Juros\": \"0,2\",\r\n    \"Observacao\": null,\r\n    \"ValorAntigo\": 113.04\r\n  },\r\n  {\r\n    \"DataPagamento\": \"08/05/2024\",\r\n    \"Valor\": \"39,60\",\r\n    \"Juros\": \"0,2\",\r\n    \"Observacao\": null,\r\n    \"ValorAntigo\": 77.26\r\n  },\r\n  {\r\n    \"DataPagamento\": \"08/06/2024\",\r\n    \"Valor\": \"3,10\",\r\n    \"Juros\": \"0,2\",\r\n    \"Observacao\": null,\r\n    \"ValorAntigo\": 45.39\r\n  }\r\n]'),(348,135,4,119.38,'2024-04-19 00:00:00.000000','0001-01-01 00:00:00.000000',0,''),(349,136,1,0.00,'2024-02-25 00:00:00.000000','2024-04-06 00:00:00.000000',1,'[\r\n  {\r\n    \"DataPagamento\": \"06/04/2024\",\r\n    \"Valor\": \"60,16\",\r\n    \"Juros\": \"0,2\",\r\n    \"Observacao\": null,\r\n    \"ValorAntigo\": 55.60\r\n  }\r\n]'),(350,136,2,0.00,'2024-03-25 00:00:00.000000','2024-05-08 00:00:00.000000',1,'[\r\n  {\r\n    \"DataPagamento\": \"08/05/2024\",\r\n    \"Valor\": \"60,49\",\r\n    \"Juros\": \"0,2\",\r\n    \"Observacao\": null,\r\n    \"ValorAntigo\": 55.60\r\n  }\r\n]'),(351,136,3,55.60,'2024-04-25 00:00:00.000000','0001-01-01 00:00:00.000000',0,''),(352,137,1,0.00,'2024-03-26 00:00:00.000000','2024-06-08 00:00:00.000000',1,'[\r\n  {\r\n    \"DataPagamento\": \"08/06/2024\",\r\n    \"Valor\": \"97,09\",\r\n    \"Juros\": \"0,2\",\r\n    \"Observacao\": null,\r\n    \"ValorAntigo\": 84.57\r\n  }\r\n]'),(353,137,2,84.57,'2024-04-26 00:00:00.000000','0001-01-01 00:00:00.000000',0,''),(354,137,3,84.57,'2024-05-26 00:00:00.000000','0001-01-01 00:00:00.000000',0,''),(355,138,1,32.90,'2024-05-05 00:00:00.000000','0001-01-01 00:00:00.000000',0,''),(356,138,2,32.90,'2024-06-05 00:00:00.000000','0001-01-01 00:00:00.000000',0,''),(357,139,1,0.00,'2023-10-15 00:00:00.000000','2023-10-24 00:00:00.000000',1,'[\r\n  {\r\n    \"DataPagamento\": \"24/10/2023\",\r\n    \"Valor\": \"60,21\",\r\n    \"Juros\": \"0,2\",\r\n    \"Observacao\": null,\r\n    \"ValorAntigo\": 59.15\r\n  }\r\n]'),(358,139,2,0.00,'2023-11-15 00:00:00.000000','2023-11-13 00:00:00.000000',1,'[\r\n  {\r\n    \"DataPagamento\": \"13/11/2023\",\r\n    \"Valor\": \"59,15\",\r\n    \"Juros\": \"0,2\",\r\n    \"Observacao\": null,\r\n    \"ValorAntigo\": 59.15\r\n  }\r\n]'),(359,139,3,0.00,'2023-12-15 00:00:00.000000','2023-12-24 00:00:00.000000',1,'[\r\n  {\r\n    \"DataPagamento\": \"24/12/2023\",\r\n    \"Valor\": \"60,21\",\r\n    \"Juros\": \"0,2\",\r\n    \"Observacao\": null,\r\n    \"ValorAntigo\": 59.15\r\n  }\r\n]'),(360,139,4,59.15,'2024-01-15 00:00:00.000000','0001-01-01 00:00:00.000000',0,''),(361,140,1,29.90,'2024-01-23 00:00:00.000000','0001-01-01 00:00:00.000000',0,''),(362,141,1,69.90,'2024-06-03 00:00:00.000000','0001-01-01 00:00:00.000000',0,''),(363,142,1,0.00,'2024-06-03 00:00:00.000000','2024-06-01 00:00:00.000000',1,'[\r\n  {\r\n    \"DataPagamento\": \"01/06/2024\",\r\n    \"Valor\": \"110,13\",\r\n    \"Juros\": \"0,2\",\r\n    \"Observacao\": null,\r\n    \"ValorAntigo\": 110.13\r\n  }\r\n]'),(364,142,2,0.00,'2024-07-03 00:00:00.000000','2024-06-28 00:00:00.000000',1,'[\r\n  {\r\n    \"DataPagamento\": \"28/06/2024\",\r\n    \"Valor\": \"110,13\",\r\n    \"Juros\": \"0,2\",\r\n    \"Observacao\": null,\r\n    \"ValorAntigo\": 110.13\r\n  }\r\n]'),(365,142,3,110.13,'2024-08-03 00:00:00.000000','0001-01-01 00:00:00.000000',0,''),(366,142,4,110.13,'2024-09-03 00:00:00.000000','0001-01-01 00:00:00.000000',0,''),(367,143,1,0.00,'2024-08-01 00:00:00.000000','2024-06-28 00:00:00.000000',1,'[\r\n  {\r\n    \"DataPagamento\": \"28/06/2024\",\r\n    \"Valor\": \"129,85\",\r\n    \"Juros\": \"0,2\",\r\n    \"Observacao\": null,\r\n    \"ValorAntigo\": 129.85\r\n  }\r\n]'),(368,143,2,129.85,'2024-09-01 00:00:00.000000','0001-01-01 00:00:00.000000',0,''),(369,144,1,0.00,'2024-06-22 00:00:00.000000','2024-07-01 00:00:00.000000',1,'[\r\n  {\r\n    \"DataPagamento\": \"01/07/2024\",\r\n    \"Valor\": \"78,60\",\r\n    \"Juros\": \"0,2\",\r\n    \"Observacao\": null,\r\n    \"ValorAntigo\": 78.60\r\n  }\r\n]'),(370,144,2,57.20,'2024-07-22 00:00:00.000000','2024-07-01 00:00:00.000000',0,'[\r\n  {\r\n    \"DataPagamento\": \"01/07/2024\",\r\n    \"Valor\": \"21,40\",\r\n    \"Juros\": \"0,2\",\r\n    \"Observacao\": null,\r\n    \"ValorAntigo\": 78.60\r\n  }\r\n]'),(371,144,3,78.60,'2024-08-22 00:00:00.000000','0001-01-01 00:00:00.000000',0,''),(372,144,4,78.60,'2024-09-22 00:00:00.000000','0001-01-01 00:00:00.000000',0,''),(373,145,1,0.00,'2024-05-20 00:00:00.000000','2024-05-29 00:00:00.000000',1,'[\r\n  {\r\n    \"DataPagamento\": \"29/05/2024\",\r\n    \"Valor\": \"85,07\",\r\n    \"Juros\": \"0,2\",\r\n    \"Observacao\": null,\r\n    \"ValorAntigo\": 83.57\r\n  }\r\n]'),(374,145,2,0.00,'2024-06-20 00:00:00.000000','2024-06-28 00:00:00.000000',1,'[\r\n  {\r\n    \"DataPagamento\": \"28/06/2024\",\r\n    \"Valor\": \"84,91\",\r\n    \"Juros\": \"0,2\",\r\n    \"Observacao\": null,\r\n    \"ValorAntigo\": 83.57\r\n  }\r\n]'),(375,145,3,83.57,'2024-07-20 00:00:00.000000','0001-01-01 00:00:00.000000',0,''),(376,146,1,0.00,'2023-09-02 00:00:00.000000','2024-04-10 00:00:00.000000',1,'[\r\n  {\r\n    \"DataPagamento\": \"10/04/2024\",\r\n    \"Valor\": \"68,97\",\r\n    \"Juros\": \"0,2\",\r\n    \"Observacao\": null,\r\n    \"ValorAntigo\": 47.83\r\n  }\r\n]'),(377,146,2,47.83,'2023-10-02 00:00:00.000000','0001-01-01 00:00:00.000000',0,''),(378,146,3,47.83,'2023-11-02 00:00:00.000000','0001-01-01 00:00:00.000000',0,''),(379,146,4,47.83,'2023-12-02 00:00:00.000000','0001-01-01 00:00:00.000000',0,''),(380,147,1,0.00,'2023-10-01 00:00:00.000000','2024-04-10 00:00:00.000000',1,'[\r\n  {\r\n    \"DataPagamento\": \"10/04/2024\",\r\n    \"Valor\": \"58,79\",\r\n    \"Juros\": \"0,2\",\r\n    \"Observacao\": null,\r\n    \"ValorAntigo\": 42.48\r\n  }\r\n]'),(381,147,2,42.48,'2023-11-01 00:00:00.000000','0001-01-01 00:00:00.000000',0,''),(382,147,3,42.48,'2023-12-01 00:00:00.000000','0001-01-01 00:00:00.000000',0,''),(383,147,4,42.48,'2024-01-01 00:00:00.000000','0001-01-01 00:00:00.000000',0,''),(384,148,1,0.00,'2023-12-17 00:00:00.000000','2024-04-10 00:00:00.000000',1,'[\r\n  {\r\n    \"DataPagamento\": \"10/04/2024\",\r\n    \"Valor\": \"77,03\",\r\n    \"Juros\": \"0,2\",\r\n    \"Observacao\": null,\r\n    \"ValorAntigo\": 62.63\r\n  }\r\n]'),(385,148,2,62.63,'2024-01-17 00:00:00.000000','0001-01-01 00:00:00.000000',0,''),(386,148,3,62.63,'2024-02-17 00:00:00.000000','0001-01-01 00:00:00.000000',0,''),(387,148,4,62.63,'2024-03-17 00:00:00.000000','0001-01-01 00:00:00.000000',0,''),(388,149,1,0.00,'2024-06-02 00:00:00.000000','2024-06-06 00:00:00.000000',1,'[\r\n  {\r\n    \"DataPagamento\": \"06/06/2024\",\r\n    \"Valor\": \"45,34\",\r\n    \"Juros\": \"0,2\",\r\n    \"Observacao\": null,\r\n    \"ValorAntigo\": 44.98\r\n  }\r\n]'),(389,149,2,0.00,'2024-07-02 00:00:00.000000','2024-06-28 00:00:00.000000',1,'[\r\n  {\r\n    \"DataPagamento\": \"28/06/2024\",\r\n    \"Valor\": \"44,98\",\r\n    \"Juros\": \"0,2\",\r\n    \"Observacao\": null,\r\n    \"ValorAntigo\": 44.98\r\n  }\r\n]'),(390,149,3,44.98,'2024-08-02 00:00:00.000000','0001-01-01 00:00:00.000000',0,''),(391,149,4,44.98,'2024-09-02 00:00:00.000000','0001-01-01 00:00:00.000000',0,''),(392,150,1,0.00,'2024-07-08 00:00:00.000000','2024-06-28 00:00:00.000000',1,'[\r\n  {\r\n    \"DataPagamento\": \"28/06/2024\",\r\n    \"Valor\": \"48,70\",\r\n    \"Juros\": \"0,2\",\r\n    \"Observacao\": null,\r\n    \"ValorAntigo\": 48.70\r\n  }\r\n]'),(393,150,2,48.70,'2024-08-08 00:00:00.000000','0001-01-01 00:00:00.000000',0,''),(394,150,3,48.70,'2024-09-08 00:00:00.000000','0001-01-01 00:00:00.000000',0,''),(395,150,4,48.70,'2024-10-08 00:00:00.000000','0001-01-01 00:00:00.000000',0,''),(396,151,1,0.00,'2024-07-07 00:00:00.000000','2024-07-05 00:00:00.000000',1,'[\r\n  {\r\n    \"DataPagamento\": \"19/06/2024\",\r\n    \"Valor\": \"30,00\",\r\n    \"Juros\": \"0,2\",\r\n    \"Observacao\": null,\r\n    \"ValorAntigo\": 73.68\r\n  },\r\n  {\r\n    \"DataPagamento\": \"05/07/2024\",\r\n    \"Valor\": \"43,68\",\r\n    \"Juros\": \"0,2\",\r\n    \"Observacao\": null,\r\n    \"ValorAntigo\": 43.68\r\n  }\r\n]'),(397,151,2,73.68,'2024-08-07 00:00:00.000000','0001-01-01 00:00:00.000000',0,''),(398,151,3,73.68,'2024-09-07 00:00:00.000000','0001-01-01 00:00:00.000000',0,''),(399,151,4,73.68,'2024-10-07 00:00:00.000000','0001-01-01 00:00:00.000000',0,''),(400,152,1,59.93,'2024-06-08 00:00:00.000000','0001-01-01 00:00:00.000000',0,''),(401,152,2,59.93,'2024-07-08 00:00:00.000000','0001-01-01 00:00:00.000000',0,''),(402,152,3,59.93,'2024-08-08 00:00:00.000000','0001-01-01 00:00:00.000000',0,''),(403,153,1,87.80,'2024-06-07 00:00:00.000000','0001-01-01 00:00:00.000000',0,''),(404,153,2,87.80,'2024-07-07 00:00:00.000000','0001-01-01 00:00:00.000000',0,''),(405,153,3,87.80,'2024-08-07 00:00:00.000000','0001-01-01 00:00:00.000000',0,''),(406,153,4,87.80,'2024-09-07 00:00:00.000000','0001-01-01 00:00:00.000000',0,''),(407,154,1,76.23,'2024-04-19 00:00:00.000000','0001-01-01 00:00:00.000000',0,''),(408,154,2,76.23,'2024-05-19 00:00:00.000000','0001-01-01 00:00:00.000000',0,''),(409,154,3,76.23,'2024-06-19 00:00:00.000000','0001-01-01 00:00:00.000000',0,''),(410,155,1,0.00,'2024-05-16 00:00:00.000000','2024-05-21 00:00:00.000000',1,'[\r\n  {\r\n    \"DataPagamento\": \"21/05/2024\",\r\n    \"Valor\": \"60,28\",\r\n    \"Juros\": \"0\",\r\n    \"Observacao\": null,\r\n    \"ValorAntigo\": 59.68\r\n  }\r\n]'),(411,155,2,0.00,'2024-06-16 00:00:00.000000','2024-06-18 00:00:00.000000',1,'[\r\n  {\r\n    \"DataPagamento\": \"18/06/2024\",\r\n    \"Valor\": \"59,92\",\r\n    \"Juros\": \"0,2\",\r\n    \"Observacao\": null,\r\n    \"ValorAntigo\": 59.68\r\n  }\r\n]'),(412,155,3,59.68,'2024-07-16 00:00:00.000000','0001-01-01 00:00:00.000000',0,''),(413,155,4,59.68,'2024-08-16 00:00:00.000000','0001-01-01 00:00:00.000000',0,''),(414,156,1,41.63,'2024-06-24 00:00:00.000000','0001-01-01 00:00:00.000000',0,''),(415,156,2,41.63,'2024-07-24 00:00:00.000000','0001-01-01 00:00:00.000000',0,''),(416,156,3,41.63,'2024-08-24 00:00:00.000000','0001-01-01 00:00:00.000000',0,''),(417,157,1,0.00,'2024-04-27 00:00:00.000000','2024-05-20 00:00:00.000000',1,'[\r\n  {\r\n    \"DataPagamento\": \"20/05/2024\",\r\n    \"Valor\": \"79,65\",\r\n    \"Juros\": \"0,2\",\r\n    \"Observacao\": null,\r\n    \"ValorAntigo\": 76.15\r\n  }\r\n]'),(418,157,2,76.15,'2024-05-27 00:00:00.000000','0001-01-01 00:00:00.000000',0,''),(419,157,3,76.15,'2024-06-27 00:00:00.000000','0001-01-01 00:00:00.000000',0,''),(420,157,4,76.15,'2024-07-27 00:00:00.000000','0001-01-01 00:00:00.000000',0,''),(421,158,1,0.00,'2024-05-15 00:00:00.000000','2024-05-20 00:00:00.000000',1,'[\r\n  {\r\n    \"DataPagamento\": \"20/05/2024\",\r\n    \"Valor\": \"36,26\",\r\n    \"Juros\": \"0,2\",\r\n    \"Observacao\": null,\r\n    \"ValorAntigo\": 35.90\r\n  }\r\n]'),(422,158,2,35.90,'2024-06-15 00:00:00.000000','0001-01-01 00:00:00.000000',0,''),(423,159,1,44.90,'2024-06-23 00:00:00.000000','0001-01-01 00:00:00.000000',0,''),(424,160,1,0.00,'2024-06-23 00:00:00.000000','2024-06-26 00:00:00.000000',1,'[\r\n  {\r\n    \"DataPagamento\": \"26/06/2024\",\r\n    \"Valor\": \"36,17\",\r\n    \"Juros\": \"0,2\",\r\n    \"Observacao\": null,\r\n    \"ValorAntigo\": 35.95\r\n  }\r\n]'),(425,160,2,35.95,'2024-07-23 00:00:00.000000','0001-01-01 00:00:00.000000',0,''),(426,161,1,0.00,'2024-07-07 00:00:00.000000','2024-06-06 00:00:00.000000',1,'[\r\n  {\r\n    \"DataPagamento\": \"06/06/2024\",\r\n    \"Valor\": \"53,93\",\r\n    \"Juros\": \"0,2\",\r\n    \"Observacao\": null,\r\n    \"ValorAntigo\": 53.93\r\n  }\r\n]'),(427,161,2,47.85,'2024-08-07 00:00:00.000000','2024-06-06 00:00:00.000000',0,'[\r\n  {\r\n    \"DataPagamento\": \"06/06/2024\",\r\n    \"Valor\": \"6,08\",\r\n    \"Juros\": \"0,2\",\r\n    \"Observacao\": null,\r\n    \"ValorAntigo\": 53.93\r\n  }\r\n]'),(428,161,3,53.93,'2024-09-07 00:00:00.000000','0001-01-01 00:00:00.000000',0,''),(429,161,4,53.93,'2024-10-07 00:00:00.000000','0001-01-01 00:00:00.000000',0,''),(430,162,1,0.00,'2024-06-03 00:00:00.000000','2024-06-08 00:00:00.000000',1,'[\r\n  {\r\n    \"DataPagamento\": \"08/06/2024\",\r\n    \"Valor\": \"35,25\",\r\n    \"Juros\": \"0,2\",\r\n    \"Observacao\": null,\r\n    \"ValorAntigo\": 34.90\r\n  }\r\n]'),(431,162,2,0.00,'2024-07-03 00:00:00.000000','2024-07-05 00:00:00.000000',1,'[\r\n  {\r\n    \"DataPagamento\": \"05/07/2024\",\r\n    \"Valor\": \"34,90\",\r\n    \"Juros\": \"0,2\",\r\n    \"Observacao\": null,\r\n    \"ValorAntigo\": 34.90\r\n  }\r\n]'),(432,163,1,0.00,'2024-05-13 00:00:00.000000','2024-05-08 00:00:00.000000',1,'[\r\n  {\r\n    \"DataPagamento\": \"08/05/2024\",\r\n    \"Valor\": \"76,68\",\r\n    \"Juros\": \"0,2\",\r\n    \"Observacao\": null,\r\n    \"ValorAntigo\": 76.68\r\n  }\r\n]'),(433,163,2,0.00,'2024-06-13 00:00:00.000000','2024-06-08 00:00:00.000000',1,'[\r\n  {\r\n    \"DataPagamento\": \"08/06/2024\",\r\n    \"Valor\": \"76,68\",\r\n    \"Juros\": \"0,2\",\r\n    \"Observacao\": null,\r\n    \"ValorAntigo\": 76.68\r\n  }\r\n]'),(434,163,3,0.00,'2024-07-13 00:00:00.000000','2024-07-05 00:00:00.000000',1,'[\r\n  {\r\n    \"DataPagamento\": \"05/07/2024\",\r\n    \"Valor\": \"76,68\",\r\n    \"Juros\": \"0,2\",\r\n    \"Observacao\": null,\r\n    \"ValorAntigo\": 76.68\r\n  }\r\n]'),(435,163,4,76.68,'2024-08-13 00:00:00.000000','0001-01-01 00:00:00.000000',0,''),(436,164,1,0.00,'2024-05-02 00:00:00.000000','2024-05-08 00:00:00.000000',1,'[\r\n  {\r\n    \"DataPagamento\": \"08/05/2024\",\r\n    \"Valor\": \"93,18\",\r\n    \"Juros\": \"0,2\",\r\n    \"Observacao\": null,\r\n    \"ValorAntigo\": 93.18\r\n  }\r\n]'),(437,164,2,0.00,'2024-06-02 00:00:00.000000','2024-05-27 00:00:00.000000',1,'[\r\n  {\r\n    \"DataPagamento\": \"27/05/2024\",\r\n    \"Valor\": \"93,18\",\r\n    \"Juros\": \"0,2\",\r\n    \"Observacao\": null,\r\n    \"ValorAntigo\": 93.18\r\n  }\r\n]'),(438,164,3,0.00,'2024-07-02 00:00:00.000000','2024-06-26 00:00:00.000000',1,'[\r\n  {\r\n    \"DataPagamento\": \"26/06/2024\",\r\n    \"Valor\": \"93,18\",\r\n    \"Juros\": \"0,2\",\r\n    \"Observacao\": null,\r\n    \"ValorAntigo\": 93.18\r\n  }\r\n]'),(439,164,4,93.18,'2024-08-02 00:00:00.000000','0001-01-01 00:00:00.000000',0,''),(440,173,1,38.45,'2024-07-20 00:00:00.000000','0001-01-01 00:00:00.000000',0,''),(441,173,2,38.45,'2024-08-20 00:00:00.000000','0001-01-01 00:00:00.000000',0,''),(442,174,1,0.00,'2024-07-18 00:00:00.000000','2024-07-02 00:00:00.000000',1,'[\r\n  {\r\n    \"DataPagamento\": \"02/07/2024\",\r\n    \"Valor\": \"51,27\",\r\n    \"Juros\": \"0,2\",\r\n    \"Observacao\": null,\r\n    \"ValorAntigo\": 51.27\r\n  }\r\n]'),(443,174,2,32.32,'2024-08-18 00:00:00.000000','2024-07-02 00:00:00.000000',0,'[\r\n  {\r\n    \"DataPagamento\": \"02/07/2024\",\r\n    \"Valor\": \"18,95\",\r\n    \"Juros\": \"0,2\",\r\n    \"Observacao\": null,\r\n    \"ValorAntigo\": 51.27\r\n  }\r\n]'),(444,174,3,51.27,'2024-09-18 00:00:00.000000','0001-01-01 00:00:00.000000',0,''),(445,175,1,0.00,'2024-06-07 00:00:00.000000','2024-05-27 00:00:00.000000',1,'[\r\n  {\r\n    \"DataPagamento\": \"27/05/2024\",\r\n    \"Valor\": \"66,68\",\r\n    \"Juros\": \"0,2\",\r\n    \"Observacao\": null,\r\n    \"ValorAntigo\": 66.68\r\n  }\r\n]'),(446,175,2,0.00,'2024-07-07 00:00:00.000000','2024-07-02 00:00:00.000000',1,'[\r\n  {\r\n    \"DataPagamento\": \"02/07/2024\",\r\n    \"Valor\": \"66,68\",\r\n    \"Juros\": \"0,2\",\r\n    \"Observacao\": null,\r\n    \"ValorAntigo\": 66.68\r\n  }\r\n]'),(447,175,3,66.68,'2024-08-07 00:00:00.000000','0001-01-01 00:00:00.000000',0,''),(448,175,4,66.68,'2024-09-07 00:00:00.000000','0001-01-01 00:00:00.000000',0,''),(449,176,1,0.00,'2024-06-17 00:00:00.000000','2024-07-02 00:00:00.000000',1,'[\r\n  {\r\n    \"DataPagamento\": \"02/07/2024\",\r\n    \"Valor\": \"61,73\",\r\n    \"Juros\": \"0,2\",\r\n    \"Observacao\": null,\r\n    \"ValorAntigo\": 59.93\r\n  }\r\n]'),(450,176,2,59.93,'2024-07-17 00:00:00.000000','0001-01-01 00:00:00.000000',0,''),(451,176,3,59.93,'2024-08-17 00:00:00.000000','0001-01-01 00:00:00.000000',0,''),(452,177,1,0.00,'2024-06-21 00:00:00.000000','2024-06-05 00:00:00.000000',1,'[\r\n  {\r\n    \"DataPagamento\": \"05/06/2024\",\r\n    \"Valor\": \"48,30\",\r\n    \"Juros\": \"0,2\",\r\n    \"Observacao\": null,\r\n    \"ValorAntigo\": 48.30\r\n  }\r\n]'),(453,177,2,48.30,'2024-07-21 00:00:00.000000','0001-01-01 00:00:00.000000',0,''),(454,177,3,48.30,'2024-08-21 00:00:00.000000','0001-01-01 00:00:00.000000',0,''),(455,178,1,39.95,'2024-07-05 00:00:00.000000','0001-01-01 00:00:00.000000',0,''),(456,178,2,39.95,'2024-08-05 00:00:00.000000','0001-01-01 00:00:00.000000',0,''),(457,179,1,99.93,'2024-07-05 00:00:00.000000','0001-01-01 00:00:00.000000',0,''),(458,179,2,99.93,'2024-08-05 00:00:00.000000','0001-01-01 00:00:00.000000',0,''),(459,179,3,99.93,'2024-09-05 00:00:00.000000','0001-01-01 00:00:00.000000',0,''),(460,181,1,43.90,'2024-07-25 00:00:00.000000','0001-01-01 00:00:00.000000',0,''),(461,181,2,43.90,'2024-08-25 00:00:00.000000','0001-01-01 00:00:00.000000',0,''),(462,182,1,49.83,'2024-07-25 00:00:00.000000','0001-01-01 00:00:00.000000',0,''),(463,182,2,49.83,'2024-08-25 00:00:00.000000','0001-01-01 00:00:00.000000',0,''),(464,182,3,49.83,'2024-09-25 00:00:00.000000','0001-01-01 00:00:00.000000',0,''),(465,182,4,49.83,'2024-10-25 00:00:00.000000','0001-01-01 00:00:00.000000',0,''),(466,183,1,72.45,'2024-07-26 00:00:00.000000','0001-01-01 00:00:00.000000',0,''),(467,183,2,72.45,'2024-08-26 00:00:00.000000','0001-01-01 00:00:00.000000',0,''),(468,184,1,86.38,'2024-06-25 00:00:00.000000','0001-01-01 00:00:00.000000',0,''),(469,184,2,86.38,'2024-07-25 00:00:00.000000','0001-01-01 00:00:00.000000',0,''),(470,184,3,86.38,'2024-08-25 00:00:00.000000','0001-01-01 00:00:00.000000',0,''),(471,184,4,86.38,'2024-09-25 00:00:00.000000','0001-01-01 00:00:00.000000',0,''),(472,186,1,61.18,'2024-07-07 00:00:00.000000','0001-01-01 00:00:00.000000',0,''),(473,186,2,61.18,'2024-08-07 00:00:00.000000','0001-01-01 00:00:00.000000',0,''),(474,186,3,61.18,'2024-09-07 00:00:00.000000','0001-01-01 00:00:00.000000',0,''),(475,186,4,61.18,'2024-10-07 00:00:00.000000','0001-01-01 00:00:00.000000',0,''),(476,187,1,55.90,'2024-07-10 00:00:00.000000','0001-01-01 00:00:00.000000',0,''),(477,188,1,29.90,'2024-07-26 00:00:00.000000','0001-01-01 00:00:00.000000',0,''),(478,189,1,74.95,'2024-07-26 00:00:00.000000','0001-01-01 00:00:00.000000',0,''),(479,189,2,74.95,'2024-08-26 00:00:00.000000','0001-01-01 00:00:00.000000',0,''),(480,189,3,74.95,'2024-09-26 00:00:00.000000','0001-01-01 00:00:00.000000',0,''),(481,189,4,74.95,'2024-10-26 00:00:00.000000','0001-01-01 00:00:00.000000',0,''),(482,190,1,81.50,'2024-07-06 00:00:00.000000','0001-01-01 00:00:00.000000',0,''),(483,190,2,81.50,'2024-08-06 00:00:00.000000','0001-01-01 00:00:00.000000',0,''),(484,190,3,81.50,'2024-09-06 00:00:00.000000','0001-01-01 00:00:00.000000',0,''),(485,191,1,0.00,'2024-07-06 00:00:00.000000','2024-07-03 00:00:00.000000',1,'[\r\n  {\r\n    \"DataPagamento\": \"03/07/2024\",\r\n    \"Valor\": \"81,50\",\r\n    \"Juros\": \"0,2\",\r\n    \"Observacao\": null,\r\n    \"ValorAntigo\": 81.50\r\n  }\r\n]'),(486,191,2,81.50,'2024-08-06 00:00:00.000000','0001-01-01 00:00:00.000000',0,''),(487,191,3,81.50,'2024-09-06 00:00:00.000000','0001-01-01 00:00:00.000000',0,''),(488,192,1,0.00,'2024-04-05 00:00:00.000000','2024-04-06 00:00:00.000000',1,'[\r\n  {\r\n    \"DataPagamento\": \"06/04/2024\",\r\n    \"Valor\": \"117,58\",\r\n    \"Juros\": \"0,2\",\r\n    \"Observacao\": null,\r\n    \"ValorAntigo\": 117.58\r\n  }\r\n]'),(489,192,2,0.00,'2024-05-05 00:00:00.000000','2024-05-04 00:00:00.000000',1,'[\r\n  {\r\n    \"DataPagamento\": \"04/05/2024\",\r\n    \"Valor\": \"117,58\",\r\n    \"Juros\": \"0,2\",\r\n    \"Observacao\": null,\r\n    \"ValorAntigo\": 117.58\r\n  }\r\n]'),(490,192,3,0.00,'2024-06-05 00:00:00.000000','2024-06-07 00:00:00.000000',1,'[\r\n  {\r\n    \"DataPagamento\": \"07/06/2024\",\r\n    \"Valor\": \"117,58\",\r\n    \"Juros\": \"0,2\",\r\n    \"Observacao\": null,\r\n    \"ValorAntigo\": 117.58\r\n  }\r\n]'),(491,192,4,117.58,'2024-07-05 00:00:00.000000','0001-01-01 00:00:00.000000',0,''),(492,193,1,0.00,'2024-05-17 00:00:00.000000','2024-05-04 00:00:00.000000',1,'[\r\n  {\r\n    \"DataPagamento\": \"04/05/2024\",\r\n    \"Valor\": \"92,68\",\r\n    \"Juros\": \"0,2\",\r\n    \"Observacao\": null,\r\n    \"ValorAntigo\": 92.68\r\n  }\r\n]'),(493,193,2,0.00,'2024-06-17 00:00:00.000000','2024-06-07 00:00:00.000000',1,'[\r\n  {\r\n    \"DataPagamento\": \"07/06/2024\",\r\n    \"Valor\": \"92,68\",\r\n    \"Juros\": \"0,2\",\r\n    \"Observacao\": null,\r\n    \"ValorAntigo\": 92.68\r\n  }\r\n]'),(494,193,3,92.68,'2024-07-17 00:00:00.000000','0001-01-01 00:00:00.000000',0,''),(495,193,4,92.68,'2024-08-17 00:00:00.000000','0001-01-01 00:00:00.000000',0,''),(496,194,1,0.00,'2024-06-03 00:00:00.000000','2024-06-06 00:00:00.000000',1,'[\r\n  {\r\n    \"DataPagamento\": \"06/06/2024\",\r\n    \"Valor\": \"55,93\",\r\n    \"Juros\": \"0,2\",\r\n    \"Observacao\": null,\r\n    \"ValorAntigo\": 55.93\r\n  }\r\n]'),(497,194,2,55.93,'2024-07-03 00:00:00.000000','0001-01-01 00:00:00.000000',0,''),(498,194,3,55.93,'2024-08-03 00:00:00.000000','0001-01-01 00:00:00.000000',0,''),(499,195,1,0.00,'2024-06-04 00:00:00.000000','2024-06-07 00:00:00.000000',1,'[\r\n  {\r\n    \"DataPagamento\": \"07/06/2024\",\r\n    \"Valor\": \"57,78\",\r\n    \"Juros\": \"0,2\",\r\n    \"Observacao\": null,\r\n    \"ValorAntigo\": 57.78\r\n  }\r\n]'),(500,195,2,57.78,'2024-07-04 00:00:00.000000','0001-01-01 00:00:00.000000',0,''),(501,195,3,57.78,'2024-08-04 00:00:00.000000','0001-01-01 00:00:00.000000',0,''),(502,195,4,57.78,'2024-09-04 00:00:00.000000','0001-01-01 00:00:00.000000',0,''),(503,196,1,0.00,'2024-06-10 00:00:00.000000','2024-06-06 00:00:00.000000',1,'[\r\n  {\r\n    \"DataPagamento\": \"06/06/2024\",\r\n    \"Valor\": \"62,63\",\r\n    \"Juros\": \"0,2\",\r\n    \"Observacao\": null,\r\n    \"ValorAntigo\": 62.63\r\n  }\r\n]'),(504,196,2,0.00,'2024-07-10 00:00:00.000000','2024-07-05 00:00:00.000000',1,'[\r\n  {\r\n    \"DataPagamento\": \"05/07/2024\",\r\n    \"Valor\": \"62,63\",\r\n    \"Juros\": \"0,2\",\r\n    \"Observacao\": null,\r\n    \"ValorAntigo\": 62.63\r\n  }\r\n]'),(505,196,3,62.63,'2024-08-10 00:00:00.000000','0001-01-01 00:00:00.000000',0,''),(506,196,4,62.63,'2024-09-10 00:00:00.000000','0001-01-01 00:00:00.000000',0,''),(507,197,1,0.00,'2024-06-24 00:00:00.000000','2024-06-26 00:00:00.000000',1,'[\r\n  {\r\n    \"DataPagamento\": \"26/06/2024\",\r\n    \"Valor\": \"42,40\",\r\n    \"Juros\": \"0,2\",\r\n    \"Observacao\": null,\r\n    \"ValorAntigo\": 42.40\r\n  }\r\n]'),(508,197,2,42.40,'2024-07-24 00:00:00.000000','0001-01-01 00:00:00.000000',0,''),(509,198,1,123.05,'2024-07-12 00:00:00.000000','0001-01-01 00:00:00.000000',0,''),(510,198,2,123.05,'2024-08-12 00:00:00.000000','0001-01-01 00:00:00.000000',0,''),(511,198,3,123.05,'2024-09-12 00:00:00.000000','0001-01-01 00:00:00.000000',0,''),(512,198,4,123.05,'2024-10-12 00:00:00.000000','0001-01-01 00:00:00.000000',0,''),(513,199,1,6.90,'2024-07-26 00:00:00.000000','0001-01-01 00:00:00.000000',0,''),(514,200,1,0.00,'2024-07-07 00:00:00.000000','2024-06-27 00:00:00.000000',1,'[\r\n  {\r\n    \"DataPagamento\": \"27/06/2024\",\r\n    \"Valor\": \"64,65\",\r\n    \"Juros\": \"0,2\",\r\n    \"Observacao\": null,\r\n    \"ValorAntigo\": 64.65\r\n  }\r\n]'),(515,200,2,29.30,'2024-08-07 00:00:00.000000','2024-06-27 00:00:00.000000',0,'[\r\n  {\r\n    \"DataPagamento\": \"27/06/2024\",\r\n    \"Valor\": \"35,35\",\r\n    \"Juros\": \"0,2\",\r\n    \"Observacao\": null,\r\n    \"ValorAntigo\": 64.65\r\n  }\r\n]'),(516,200,3,64.65,'2024-09-07 00:00:00.000000','0001-01-01 00:00:00.000000',0,''),(517,200,4,64.65,'2024-10-07 00:00:00.000000','0001-01-01 00:00:00.000000',0,''),(518,201,1,44.90,'2024-07-27 00:00:00.000000','0001-01-01 00:00:00.000000',0,''),(519,202,1,30.93,'2024-07-27 00:00:00.000000','0001-01-01 00:00:00.000000',0,''),(520,202,2,30.93,'2024-08-27 00:00:00.000000','0001-01-01 00:00:00.000000',0,''),(521,202,3,30.93,'2024-09-27 00:00:00.000000','0001-01-01 00:00:00.000000',0,''),(522,203,1,0.00,'2024-06-09 00:00:00.000000','2024-06-10 00:00:00.000000',1,'[\r\n  {\r\n    \"DataPagamento\": \"10/06/2024\",\r\n    \"Valor\": \"59,95\",\r\n    \"Juros\": \"0,2\",\r\n    \"Observacao\": null,\r\n    \"ValorAntigo\": 59.95\r\n  }\r\n]'),(523,203,2,59.95,'2024-07-09 00:00:00.000000','0001-01-01 00:00:00.000000',0,''),(524,203,3,59.95,'2024-08-09 00:00:00.000000','0001-01-01 00:00:00.000000',0,''),(525,203,4,59.95,'2024-09-09 00:00:00.000000','0001-01-01 00:00:00.000000',0,''),(526,204,1,0.00,'2024-06-16 00:00:00.000000','2024-06-29 00:00:00.000000',1,'[\r\n  {\r\n    \"DataPagamento\": \"29/06/2024\",\r\n    \"Valor\": \"49,45\",\r\n    \"Juros\": \"0,2\",\r\n    \"Observacao\": null,\r\n    \"ValorAntigo\": 48.20\r\n  }\r\n]'),(527,204,2,48.20,'2024-07-16 00:00:00.000000','0001-01-01 00:00:00.000000',0,''),(528,204,3,48.20,'2024-08-16 00:00:00.000000','0001-01-01 00:00:00.000000',0,''),(529,204,4,48.20,'2024-09-16 00:00:00.000000','0001-01-01 00:00:00.000000',0,''),(530,205,1,54.85,'2024-07-27 00:00:00.000000','0001-01-01 00:00:00.000000',0,''),(531,205,2,54.85,'2024-08-27 00:00:00.000000','0001-01-01 00:00:00.000000',0,''),(532,205,3,54.85,'2024-09-27 00:00:00.000000','0001-01-01 00:00:00.000000',0,''),(533,205,4,54.85,'2024-10-27 00:00:00.000000','0001-01-01 00:00:00.000000',0,''),(534,206,1,49.98,'2024-07-10 00:00:00.000000','0001-01-01 00:00:00.000000',0,''),(535,206,2,49.98,'2024-08-10 00:00:00.000000','0001-01-01 00:00:00.000000',0,''),(536,206,3,49.98,'2024-09-10 00:00:00.000000','0001-01-01 00:00:00.000000',0,''),(537,206,4,49.98,'2024-10-10 00:00:00.000000','0001-01-01 00:00:00.000000',0,''),(538,207,1,74.95,'2024-07-11 00:00:00.000000','0001-01-01 00:00:00.000000',0,''),(539,207,2,74.95,'2024-08-11 00:00:00.000000','0001-01-01 00:00:00.000000',0,''),(540,208,1,87.45,'2024-07-11 00:00:00.000000','0001-01-01 00:00:00.000000',0,''),(541,208,2,87.45,'2024-08-11 00:00:00.000000','0001-01-01 00:00:00.000000',0,''),(542,209,1,27.90,'2024-07-28 00:00:00.000000','0001-01-01 00:00:00.000000',0,''),(543,209,2,27.90,'2024-08-28 00:00:00.000000','0001-01-01 00:00:00.000000',0,''),(544,210,1,33.40,'2024-07-28 00:00:00.000000','0001-01-01 00:00:00.000000',0,''),(545,210,2,33.40,'2024-08-28 00:00:00.000000','0001-01-01 00:00:00.000000',0,''),(546,211,1,79.80,'2024-07-28 00:00:00.000000','0001-01-01 00:00:00.000000',0,''),(547,211,2,79.80,'2024-08-28 00:00:00.000000','0001-01-01 00:00:00.000000',0,''),(548,211,3,79.80,'2024-09-28 00:00:00.000000','0001-01-01 00:00:00.000000',0,''),(549,212,1,36.97,'2024-07-29 00:00:00.000000','0001-01-01 00:00:00.000000',0,''),(550,212,2,36.97,'2024-08-29 00:00:00.000000','0001-01-01 00:00:00.000000',0,''),(551,212,3,36.97,'2024-09-29 00:00:00.000000','0001-01-01 00:00:00.000000',0,''),(552,213,1,76.13,'2024-10-29 00:00:00.000000','0001-01-01 00:00:00.000000',0,''),(553,213,2,76.13,'2024-11-29 00:00:00.000000','0001-01-01 00:00:00.000000',0,''),(554,213,3,76.13,'2024-12-29 00:00:00.000000','0001-01-01 00:00:00.000000',0,''),(555,213,4,76.13,'2025-01-29 00:00:00.000000','0001-01-01 00:00:00.000000',0,''),(556,214,1,54.90,'2024-07-29 00:00:00.000000','0001-01-01 00:00:00.000000',0,''),(557,214,2,54.90,'2024-08-29 00:00:00.000000','0001-01-01 00:00:00.000000',0,''),(558,215,1,34.45,'2024-07-28 00:00:00.000000','0001-01-01 00:00:00.000000',0,''),(559,215,2,34.45,'2024-08-28 00:00:00.000000','0001-01-01 00:00:00.000000',0,''),(560,216,1,0.00,'2024-05-10 00:00:00.000000','2024-06-13 00:00:00.000000',1,'[\r\n  {\r\n    \"DataPagamento\": \"13/06/2024\",\r\n    \"Valor\": \"80,15\",\r\n    \"Juros\": \"0,2\",\r\n    \"Observacao\": null,\r\n    \"ValorAntigo\": 75.05\r\n  }\r\n]'),(561,216,2,0.00,'2024-06-10 00:00:00.000000','2024-06-13 00:00:00.000000',1,'[\r\n  {\r\n    \"DataPagamento\": \"13/06/2024\",\r\n    \"Valor\": \"75,05\",\r\n    \"Juros\": \"0,2\",\r\n    \"Observacao\": null,\r\n    \"ValorAntigo\": 75.05\r\n  }\r\n]'),(562,216,3,75.05,'2024-07-10 00:00:00.000000','0001-01-01 00:00:00.000000',0,''),(563,216,4,75.05,'2024-08-10 00:00:00.000000','0001-01-01 00:00:00.000000',0,''),(564,217,1,0.00,'2024-05-27 00:00:00.000000','2024-05-23 00:00:00.000000',1,'[\r\n  {\r\n    \"DataPagamento\": \"23/05/2024\",\r\n    \"Valor\": \"69,20\",\r\n    \"Juros\": \"0,2\",\r\n    \"Observacao\": null,\r\n    \"ValorAntigo\": 69.20\r\n  }\r\n]'),(565,217,2,0.00,'2024-06-27 00:00:00.000000','2024-05-23 00:00:00.000000',1,'[\r\n  {\r\n    \"DataPagamento\": \"23/05/2024\",\r\n    \"Valor\": \"69,20\",\r\n    \"Juros\": \"0,2\",\r\n    \"Observacao\": null,\r\n    \"ValorAntigo\": 69.20\r\n  }\r\n]'),(566,217,3,69.20,'2024-07-27 00:00:00.000000','0001-01-01 00:00:00.000000',0,''),(567,218,1,59.54,'2024-06-10 00:00:00.000000','2024-07-03 00:00:00.000000',0,'[\r\n  {\r\n    \"DataPagamento\": \"03/07/2024\",\r\n    \"Valor\": \"31,60\",\r\n    \"Juros\": \"0,2\",\r\n    \"Observacao\": null,\r\n    \"ValorAntigo\": 87.13\r\n  }\r\n]'),(568,218,2,87.13,'2024-07-10 00:00:00.000000','0001-01-01 00:00:00.000000',0,''),(569,218,3,87.13,'2024-08-10 00:00:00.000000','0001-01-01 00:00:00.000000',0,''),(570,218,4,87.13,'2024-09-10 00:00:00.000000','0001-01-01 00:00:00.000000',0,''),(571,219,1,59.23,'2024-06-23 00:00:00.000000','0001-01-01 00:00:00.000000',0,''),(572,219,2,59.23,'2024-07-23 00:00:00.000000','0001-01-01 00:00:00.000000',0,''),(573,219,3,59.23,'2024-08-23 00:00:00.000000','0001-01-01 00:00:00.000000',0,''),(574,220,1,38.43,'2024-07-07 00:00:00.000000','0001-01-01 00:00:00.000000',0,''),(575,220,2,38.43,'2024-08-07 00:00:00.000000','0001-01-01 00:00:00.000000',0,''),(576,220,3,38.43,'2024-09-07 00:00:00.000000','0001-01-01 00:00:00.000000',0,''),(577,221,1,69.23,'2024-07-10 00:00:00.000000','0001-01-01 00:00:00.000000',0,''),(578,221,2,69.23,'2024-08-10 00:00:00.000000','0001-01-01 00:00:00.000000',0,''),(579,221,3,69.23,'2024-09-10 00:00:00.000000','0001-01-01 00:00:00.000000',0,''),(580,222,1,38.45,'2024-07-28 00:00:00.000000','0001-01-01 00:00:00.000000',0,''),(581,222,2,38.45,'2024-08-28 00:00:00.000000','0001-01-01 00:00:00.000000',0,''),(582,224,1,76.13,'2024-07-29 00:00:00.000000','0001-01-01 00:00:00.000000',0,''),(583,224,2,76.13,'2024-08-29 00:00:00.000000','0001-01-01 00:00:00.000000',0,''),(584,224,3,76.13,'2024-09-29 00:00:00.000000','0001-01-01 00:00:00.000000',0,''),(585,224,4,76.13,'2024-10-29 00:00:00.000000','0001-01-01 00:00:00.000000',0,'');
/*!40000 ALTER TABLE `Parcelas` ENABLE KEYS */;

-- 
-- Definition of __EFMigrationsHistory
-- 

DROP TABLE IF EXISTS `__EFMigrationsHistory`;
CREATE TABLE IF NOT EXISTS `__EFMigrationsHistory` (
  `MigrationId` varchar(150) NOT NULL,
  `ProductVersion` varchar(32) NOT NULL,
  PRIMARY KEY (`MigrationId`)
) ENGINE=InnoDB DEFAULT CHARSET=utf8mb4;

-- 
-- Dumping data for table __EFMigrationsHistory
-- 

/*!40000 ALTER TABLE `__EFMigrationsHistory` DISABLE KEYS */;
INSERT INTO `__EFMigrationsHistory`(`MigrationId`,`ProductVersion`) VALUES('20240618032204_inicial','7.0.20'),('20240619135741_mudança renda mensal','7.0.20'),('20240619141130_inclusao nome pai e mae','7.0.20'),('20240619141450_nome pai e mae','7.0.20'),('20240620200847_inclusão observação na venda','7.0.20'),('20240620201751_inclusão observação na venda 2','7.0.20'),('20240620203124_inclusão observação na venda 3','7.0.20'),('20240624000243_usando enumerador','7.0.20'),('20240625122515_entrada com excluido','7.0.20'),('20240627021135_Ultima alteracao','7.0.20'),('20240627034850_retirada ultima alteração','7.0.20');
/*!40000 ALTER TABLE `__EFMigrationsHistory` ENABLE KEYS */;


/*!40101 SET SQL_MODE=@OLD_SQL_MODE */;
/*!40014 SET FOREIGN_KEY_CHECKS=@OLD_FOREIGN_KEY_CHECKS */;
/*!40014 SET UNIQUE_CHECKS=@OLD_UNIQUE_CHECKS */;
/*!40101 SET CHARACTER_SET_CLIENT=@OLD_CHARACTER_SET_CLIENT */;
/*!40101 SET CHARACTER_SET_RESULTS=@OLD_CHARACTER_SET_RESULTS */;
/*!40101 SET COLLATION_CONNECTION=@OLD_COLLATION_CONNECTION */;
/*!40111 SET SQL_NOTES=@OLD_SQL_NOTES */;


-- Dump completed on 2024-07-08 00:04:53
-- Total time: 0:0:0:7:578 (d:h:m:s:ms)
